,date,positive_sentiment,stock
0,2021-03-12,1,ADRO
1,2021-03-10,0,ADRO
2,2021-03-09,0,ADRO
3,2021-03-08,0,ADRO
4,2021-03-05,1,ADRO
5,2021-03-04,0,ADRO
6,2021-03-03,0,ADRO
7,2021-03-02,1,ADRO
8,2021-03-01,1,ADRO
9,2021-02-26,0,ADRO
10,2021-02-25,0,ADRO
11,2021-02-24,0,ADRO
12,2021-02-23,1,ADRO
13,2021-02-22,1,ADRO
14,2021-02-19,0,ADRO
15,2021-02-18,0,ADRO
16,2021-02-17,0,ADRO
17,2021-02-16,0,ADRO
18,2021-02-15,1,ADRO
19,2021-02-11,0,ADRO
20,2021-02-10,0,ADRO
21,2021-02-09,0,ADRO
22,2021-02-08,1,ADRO
23,2021-02-05,1,ADRO
24,2021-02-04,0,ADRO
25,2021-02-03,0,ADRO
26,2021-02-02,1,ADRO
27,2021-02-01,0,ADRO
28,2021-01-29,0,ADRO
29,2021-01-28,0,ADRO
30,2021-01-27,0,ADRO
31,2021-01-26,0,ADRO
32,2021-01-25,0,ADRO
33,2021-01-22,0,ADRO
34,2021-01-21,1,ADRO
35,2021-01-20,0,ADRO
36,2021-01-19,0,ADRO
37,2021-01-18,0,ADRO
38,2021-01-15,0,ADRO
39,2021-01-14,0,ADRO
40,2021-01-13,0,ADRO
41,2021-01-12,1,ADRO
42,2021-01-11,1,ADRO
43,2021-01-08,1,ADRO
44,2021-01-07,0,ADRO
45,2021-01-06,0,ADRO
46,2021-01-05,1,ADRO
47,2021-01-04,0,ADRO
48,2020-12-30,0,ADRO
49,2020-12-29,1,ADRO
50,2020-12-28,1,ADRO
51,2020-12-23,0,ADRO
52,2020-12-22,1,ADRO
53,2020-12-21,0,ADRO
54,2020-12-18,0,ADRO
55,2020-12-17,1,ADRO
56,2020-12-16,0,ADRO
57,2020-12-15,1,ADRO
58,2020-12-14,0,ADRO
59,2020-12-11,0,ADRO
60,2020-12-10,1,ADRO
61,2020-12-08,1,ADRO
62,2020-12-07,1,ADRO
63,2020-12-04,0,ADRO
64,2020-12-03,1,ADRO
65,2020-12-02,0,ADRO
66,2020-12-01,1,ADRO
67,2020-11-30,1,ADRO
68,2020-11-27,1,ADRO
69,2020-11-26,0,ADRO
70,2020-11-25,1,ADRO
71,2020-11-24,1,ADRO
72,2020-11-23,0,ADRO
73,2020-11-20,1,ADRO
74,2020-11-19,1,ADRO
75,2020-11-18,0,ADRO
76,2020-11-17,1,ADRO
77,2020-11-16,1,ADRO
78,2020-11-13,0,ADRO
79,2020-11-12,1,ADRO
80,2020-11-11,0,ADRO
81,2020-11-10,0,ADRO
82,2020-11-09,0,ADRO
83,2020-11-06,1,ADRO
84,2020-11-05,0,ADRO
85,2020-11-04,1,ADRO
86,2020-11-03,1,ADRO
87,2020-11-02,0,ADRO
88,2020-10-27,0,ADRO
89,2020-10-26,0,ADRO
90,2020-10-23,0,ADRO
91,2020-10-22,0,ADRO
92,2020-10-21,0,ADRO
93,2020-10-20,0,ADRO
94,2020-10-19,1,ADRO
95,2020-10-16,0,ADRO
96,2020-10-15,1,ADRO
97,2020-10-14,1,ADRO
98,2020-10-13,0,ADRO
99,2020-10-12,0,ADRO
100,2020-10-09,0,ADRO
101,2020-10-08,1,ADRO
102,2020-10-07,0,ADRO
103,2020-10-06,0,ADRO
104,2020-10-05,0,ADRO
105,2020-10-02,1,ADRO
106,2020-10-01,0,ADRO
107,2020-09-30,1,ADRO
108,2020-09-29,0,ADRO
109,2020-09-28,1,ADRO
110,2020-09-25,0,ADRO
111,2020-09-24,0,ADRO
112,2020-09-23,1,ADRO
113,2020-09-22,0,ADRO
114,2020-09-21,1,ADRO
115,2020-09-18,0,ADRO
116,2020-09-17,0,ADRO
117,2020-09-16,0,ADRO
118,2020-09-15,1,ADRO
119,2020-09-14,1,ADRO
120,2020-09-11,0,ADRO
121,2020-09-10,0,ADRO
122,2020-09-09,0,ADRO
123,2020-09-08,1,ADRO
124,2020-09-07,1,ADRO
125,2020-09-04,0,ADRO
126,2020-09-03,1,ADRO
127,2020-09-02,1,ADRO
128,2020-09-01,0,ADRO
129,2020-08-31,1,ADRO
130,2020-08-28,1,ADRO
131,2020-08-27,1,ADRO
132,2020-08-26,1,ADRO
133,2020-08-25,0,ADRO
134,2020-08-24,0,ADRO
135,2020-08-19,0,ADRO
136,2020-08-18,0,ADRO
137,2020-08-14,0,ADRO
138,2020-08-13,0,ADRO
139,2020-08-12,1,ADRO
140,2020-08-11,1,ADRO
141,2020-08-10,0,ADRO
142,2020-08-07,1,ADRO
143,2020-08-06,1,ADRO
144,2020-08-05,1,ADRO
145,2020-08-04,0,ADRO
146,2020-08-03,0,ADRO
147,2020-07-30,1,ADRO
148,2020-07-29,0,ADRO
149,2020-07-28,1,ADRO
150,2020-07-27,0,ADRO
151,2020-07-24,0,ADRO
152,2020-07-23,0,ADRO
153,2020-07-22,1,ADRO
154,2020-07-21,0,ADRO
155,2020-07-20,1,ADRO
156,2020-07-17,0,ADRO
157,2020-07-16,0,ADRO
158,2020-07-15,1,ADRO
159,2020-07-14,1,ADRO
160,2020-07-13,0,ADRO
161,2020-07-10,1,ADRO
162,2020-07-09,1,ADRO
163,2020-07-08,0,ADRO
164,2020-07-07,1,ADRO
165,2020-07-06,0,ADRO
166,2020-07-03,1,ADRO
167,2020-07-02,1,ADRO
168,2020-07-01,0,ADRO
169,2020-06-30,1,ADRO
170,2020-06-29,0,ADRO
171,2020-06-26,0,ADRO
172,2020-06-25,1,ADRO
173,2020-06-24,0,ADRO
174,2020-06-23,0,ADRO
175,2020-06-22,1,ADRO
176,2020-06-19,0,ADRO
177,2020-06-18,0,ADRO
178,2020-06-17,1,ADRO
179,2020-06-16,0,ADRO
180,2020-06-15,1,ADRO
181,2020-06-12,0,ADRO
182,2020-06-11,0,ADRO
183,2020-06-10,1,ADRO
184,2020-06-09,1,ADRO
185,2020-06-08,0,ADRO
186,2020-06-05,0,ADRO
187,2020-06-04,0,ADRO
188,2020-06-03,1,ADRO
189,2020-06-02,1,ADRO
190,2020-05-29,1,ADRO
191,2020-05-28,0,ADRO
192,2020-05-27,1,ADRO
193,2020-05-26,0,ADRO
194,2020-05-20,0,ADRO
195,2020-05-19,1,ADRO
196,2020-05-18,0,ADRO
197,2020-05-15,0,ADRO
198,2020-05-14,1,ADRO
199,2020-05-13,0,ADRO
200,2020-05-12,0,ADRO
201,2020-05-11,1,ADRO
202,2020-05-08,1,ADRO
203,2020-05-06,1,ADRO
204,2020-05-05,0,ADRO
205,2020-05-04,1,ADRO
206,2020-04-30,0,ADRO
207,2020-04-29,0,ADRO
208,2020-04-28,1,ADRO
209,2020-04-27,0,ADRO
210,2020-04-24,1,ADRO
211,2020-04-23,0,ADRO
212,2020-04-22,0,ADRO
213,2020-04-21,0,ADRO
214,2020-04-20,1,ADRO
215,2020-04-17,0,ADRO
216,2020-04-16,0,ADRO
217,2020-04-15,1,ADRO
218,2020-04-14,0,ADRO
219,2020-04-13,1,ADRO
220,2020-04-09,0,ADRO
221,2020-04-08,0,ADRO
222,2020-04-07,1,ADRO
223,2020-04-06,1,ADRO
224,2020-04-03,1,ADRO
225,2020-04-02,0,ADRO
226,2020-04-01,1,ADRO
227,2020-03-31,0,ADRO
228,2020-03-30,0,ADRO
229,2020-03-27,1,ADRO
230,2020-03-26,1,ADRO
231,2020-03-24,1,ADRO
232,2020-03-23,1,ADRO
233,2020-03-20,0,ADRO
234,2020-03-19,0,ADRO
235,2020-03-18,0,ADRO
236,2020-03-17,0,ADRO
237,2020-03-16,1,ADRO
238,2020-03-13,0,ADRO
239,2020-03-12,0,ADRO
240,2021-03-12,1,ANTM
241,2021-03-10,0,ANTM
242,2021-03-09,0,ANTM
243,2021-03-08,1,ANTM
244,2021-03-05,0,ANTM
245,2021-03-04,0,ANTM
246,2021-03-03,0,ANTM
247,2021-03-02,0,ANTM
248,2021-03-01,1,ANTM
249,2021-02-26,0,ANTM
250,2021-02-25,1,ANTM
251,2021-02-24,0,ANTM
252,2021-02-23,0,ANTM
253,2021-02-22,1,ANTM
254,2021-02-19,1,ANTM
255,2021-02-18,0,ANTM
256,2021-02-17,0,ANTM
257,2021-02-16,1,ANTM
258,2021-02-15,0,ANTM
259,2021-02-11,1,ANTM
260,2021-02-10,0,ANTM
261,2021-02-09,1,ANTM
262,2021-02-08,1,ANTM
263,2021-02-05,1,ANTM
264,2021-02-04,1,ANTM
265,2021-02-03,0,ANTM
266,2021-02-02,1,ANTM
267,2021-02-01,0,ANTM
268,2021-01-29,0,ANTM
269,2021-01-28,0,ANTM
270,2021-01-27,0,ANTM
271,2021-01-26,1,ANTM
272,2021-01-25,0,ANTM
273,2021-01-22,0,ANTM
274,2021-01-21,1,ANTM
275,2021-01-20,0,ANTM
276,2021-01-19,0,ANTM
277,2021-01-18,0,ANTM
278,2021-01-15,1,ANTM
279,2021-01-14,1,ANTM
280,2021-01-13,1,ANTM
281,2021-01-12,1,ANTM
282,2021-01-11,0,ANTM
283,2021-01-08,1,ANTM
284,2021-01-07,0,ANTM
285,2021-01-06,1,ANTM
286,2021-01-05,1,ANTM
287,2021-01-04,1,ANTM
288,2020-12-30,0,ANTM
289,2020-12-29,1,ANTM
290,2020-12-28,0,ANTM
291,2020-12-23,0,ANTM
292,2020-12-22,0,ANTM
293,2020-12-21,1,ANTM
294,2020-12-18,1,ANTM
295,2020-12-17,1,ANTM
296,2020-12-16,1,ANTM
297,2020-12-15,1,ANTM
298,2020-12-14,1,ANTM
299,2020-12-11,1,ANTM
300,2020-12-10,1,ANTM
301,2020-12-08,1,ANTM
302,2020-12-07,1,ANTM
303,2020-12-04,1,ANTM
304,2020-12-03,1,ANTM
305,2020-12-02,1,ANTM
306,2020-12-01,0,ANTM
307,2020-11-30,0,ANTM
308,2020-11-27,1,ANTM
309,2020-11-26,0,ANTM
310,2020-11-25,0,ANTM
311,2020-11-24,1,ANTM
312,2020-11-23,0,ANTM
313,2020-11-20,0,ANTM
314,2020-11-19,1,ANTM
315,2020-11-18,1,ANTM
316,2020-11-17,0,ANTM
317,2020-11-16,1,ANTM
318,2020-11-13,0,ANTM
319,2020-11-12,0,ANTM
320,2020-11-11,0,ANTM
321,2020-11-10,1,ANTM
322,2020-11-09,0,ANTM
323,2020-11-06,1,ANTM
324,2020-11-05,1,ANTM
325,2020-11-04,1,ANTM
326,2020-11-03,1,ANTM
327,2020-11-02,1,ANTM
328,2020-10-27,0,ANTM
329,2020-10-26,0,ANTM
330,2020-10-23,0,ANTM
331,2020-10-22,1,ANTM
332,2020-10-21,0,ANTM
333,2020-10-20,1,ANTM
334,2020-10-19,1,ANTM
335,2020-10-16,0,ANTM
336,2020-10-15,1,ANTM
337,2020-10-14,0,ANTM
338,2020-10-13,0,ANTM
339,2020-10-12,1,ANTM
340,2020-10-09,1,ANTM
341,2020-10-08,1,ANTM
342,2020-10-07,0,ANTM
343,2020-10-06,0,ANTM
344,2020-10-05,0,ANTM
345,2020-10-02,1,ANTM
346,2020-10-01,0,ANTM
347,2020-09-30,0,ANTM
348,2020-09-29,1,ANTM
349,2020-09-28,0,ANTM
350,2020-09-25,0,ANTM
351,2020-09-24,0,ANTM
352,2020-09-23,1,ANTM
353,2020-09-22,0,ANTM
354,2020-09-21,1,ANTM
355,2020-09-18,0,ANTM
356,2020-09-17,0,ANTM
357,2020-09-16,0,ANTM
358,2020-09-15,1,ANTM
359,2020-09-14,1,ANTM
360,2020-09-11,0,ANTM
361,2020-09-10,0,ANTM
362,2020-09-09,0,ANTM
363,2020-09-08,0,ANTM
364,2020-09-07,1,ANTM
365,2020-09-04,0,ANTM
366,2020-09-03,1,ANTM
367,2020-09-02,1,ANTM
368,2020-09-01,0,ANTM
369,2020-08-31,1,ANTM
370,2020-08-28,1,ANTM
371,2020-08-27,0,ANTM
372,2020-08-26,1,ANTM
373,2020-08-25,0,ANTM
374,2020-08-24,0,ANTM
375,2020-08-19,1,ANTM
376,2020-08-18,1,ANTM
377,2020-08-14,1,ANTM
378,2020-08-13,0,ANTM
379,2020-08-12,0,ANTM
380,2020-08-11,0,ANTM
381,2020-08-10,0,ANTM
382,2020-08-07,1,ANTM
383,2020-08-06,1,ANTM
384,2020-08-05,1,ANTM
385,2020-08-04,0,ANTM
386,2020-08-03,1,ANTM
387,2020-07-30,1,ANTM
388,2020-07-29,0,ANTM
389,2020-07-28,1,ANTM
390,2020-07-27,0,ANTM
391,2020-07-24,1,ANTM
392,2020-07-23,1,ANTM
393,2020-07-22,1,ANTM
394,2020-07-21,0,ANTM
395,2020-07-20,1,ANTM
396,2020-07-17,0,ANTM
397,2020-07-16,0,ANTM
398,2020-07-15,0,ANTM
399,2020-07-14,1,ANTM
400,2020-07-13,0,ANTM
401,2020-07-10,0,ANTM
402,2020-07-09,1,ANTM
403,2020-07-08,1,ANTM
404,2020-07-07,1,ANTM
405,2020-07-06,0,ANTM
406,2020-07-03,1,ANTM
407,2020-07-02,0,ANTM
408,2020-07-01,1,ANTM
409,2020-06-30,0,ANTM
410,2020-06-29,0,ANTM
411,2020-06-26,1,ANTM
412,2020-06-25,0,ANTM
413,2020-06-24,1,ANTM
414,2020-06-23,0,ANTM
415,2020-06-22,0,ANTM
416,2020-06-19,0,ANTM
417,2020-06-18,1,ANTM
418,2020-06-17,1,ANTM
419,2020-06-16,0,ANTM
420,2020-06-15,1,ANTM
421,2020-06-12,0,ANTM
422,2020-06-11,0,ANTM
423,2020-06-10,0,ANTM
424,2020-06-09,1,ANTM
425,2020-06-08,1,ANTM
426,2020-06-05,1,ANTM
427,2020-06-04,0,ANTM
428,2020-06-03,1,ANTM
429,2020-06-02,1,ANTM
430,2020-05-29,1,ANTM
431,2020-05-28,0,ANTM
432,2020-05-27,0,ANTM
433,2020-05-26,0,ANTM
434,2020-05-20,0,ANTM
435,2020-05-19,1,ANTM
436,2020-05-18,0,ANTM
437,2020-05-15,0,ANTM
438,2020-05-14,1,ANTM
439,2020-05-13,0,ANTM
440,2020-05-12,0,ANTM
441,2020-05-11,1,ANTM
442,2020-05-08,0,ANTM
443,2020-05-06,1,ANTM
444,2020-05-05,1,ANTM
445,2020-05-04,0,ANTM
446,2020-04-30,1,ANTM
447,2020-04-29,0,ANTM
448,2020-04-28,1,ANTM
449,2020-04-27,0,ANTM
450,2020-04-24,0,ANTM
451,2020-04-23,1,ANTM
452,2020-04-22,0,ANTM
453,2020-04-21,0,ANTM
454,2020-04-20,0,ANTM
455,2020-04-17,0,ANTM
456,2020-04-16,0,ANTM
457,2020-04-15,1,ANTM
458,2020-04-14,1,ANTM
459,2020-04-13,1,ANTM
460,2020-04-09,0,ANTM
461,2020-04-08,0,ANTM
462,2020-04-07,1,ANTM
463,2020-04-06,1,ANTM
464,2020-04-03,1,ANTM
465,2020-04-02,0,ANTM
466,2020-04-01,1,ANTM
467,2020-03-31,0,ANTM
468,2020-03-30,1,ANTM
469,2020-03-27,1,ANTM
470,2020-03-26,1,ANTM
471,2020-03-24,0,ANTM
472,2020-03-23,1,ANTM
473,2020-03-20,0,ANTM
474,2020-03-19,0,ANTM
475,2020-03-18,0,ANTM
476,2020-03-17,0,ANTM
477,2020-03-16,0,ANTM
478,2020-03-13,0,ANTM
479,2020-03-12,0,ANTM
480,2021-03-12,1,ASII
481,2021-03-10,0,ASII
482,2021-03-09,0,ASII
483,2021-03-08,1,ASII
484,2021-03-05,0,ASII
485,2021-03-04,1,ASII
486,2021-03-03,0,ASII
487,2021-03-02,1,ASII
488,2021-03-01,1,ASII
489,2021-02-26,0,ASII
490,2021-02-25,0,ASII
491,2021-02-24,1,ASII
492,2021-02-23,0,ASII
493,2021-02-22,1,ASII
494,2021-02-19,0,ASII
495,2021-02-18,0,ASII
496,2021-02-17,0,ASII
497,2021-02-16,0,ASII
498,2021-02-15,1,ASII
499,2021-02-11,1,ASII
500,2021-02-10,0,ASII
501,2021-02-09,0,ASII
502,2021-02-08,0,ASII
503,2021-02-05,1,ASII
504,2021-02-04,1,ASII
505,2021-02-03,0,ASII
506,2021-02-02,1,ASII
507,2021-02-01,0,ASII
508,2021-01-29,1,ASII
509,2021-01-28,0,ASII
510,2021-01-27,0,ASII
511,2021-01-26,0,ASII
512,2021-01-25,0,ASII
513,2021-01-22,1,ASII
514,2021-01-21,1,ASII
515,2021-01-20,0,ASII
516,2021-01-19,1,ASII
517,2021-01-18,0,ASII
518,2021-01-15,0,ASII
519,2021-01-14,1,ASII
520,2021-01-13,1,ASII
521,2021-01-12,0,ASII
522,2021-01-11,1,ASII
523,2021-01-08,0,ASII
524,2021-01-07,0,ASII
525,2021-01-06,0,ASII
526,2021-01-05,1,ASII
527,2021-01-04,0,ASII
528,2020-12-30,0,ASII
529,2020-12-29,0,ASII
530,2020-12-28,1,ASII
531,2020-12-23,0,ASII
532,2020-12-22,0,ASII
533,2020-12-21,0,ASII
534,2020-12-18,1,ASII
535,2020-12-17,1,ASII
536,2020-12-16,1,ASII
537,2020-12-15,0,ASII
538,2020-12-14,0,ASII
539,2020-12-11,1,ASII
540,2020-12-10,0,ASII
541,2020-12-08,1,ASII
542,2020-12-07,1,ASII
543,2020-12-04,0,ASII
544,2020-12-03,1,ASII
545,2020-12-02,1,ASII
546,2020-12-01,0,ASII
547,2020-11-30,0,ASII
548,2020-11-27,1,ASII
549,2020-11-26,0,ASII
550,2020-11-25,0,ASII
551,2020-11-24,1,ASII
552,2020-11-23,0,ASII
553,2020-11-20,0,ASII
554,2020-11-19,0,ASII
555,2020-11-18,0,ASII
556,2020-11-17,1,ASII
557,2020-11-16,1,ASII
558,2020-11-13,1,ASII
559,2020-11-12,1,ASII
560,2020-11-11,1,ASII
561,2020-11-10,0,ASII
562,2020-11-09,1,ASII
563,2020-11-06,1,ASII
564,2020-11-05,1,ASII
565,2020-11-04,1,ASII
566,2020-11-03,1,ASII
567,2020-11-02,1,ASII
568,2020-10-27,0,ASII
569,2020-10-26,1,ASII
570,2020-10-23,1,ASII
571,2020-10-22,0,ASII
572,2020-10-21,1,ASII
573,2020-10-20,1,ASII
574,2020-10-19,1,ASII
575,2020-10-16,0,ASII
576,2020-10-15,1,ASII
577,2020-10-14,1,ASII
578,2020-10-13,0,ASII
579,2020-10-12,1,ASII
580,2020-10-09,1,ASII
581,2020-10-08,1,ASII
582,2020-10-07,0,ASII
583,2020-10-06,1,ASII
584,2020-10-05,0,ASII
585,2020-10-02,1,ASII
586,2020-10-01,0,ASII
587,2020-09-30,0,ASII
588,2020-09-29,0,ASII
589,2020-09-28,1,ASII
590,2020-09-25,0,ASII
591,2020-09-24,0,ASII
592,2020-09-23,1,ASII
593,2020-09-22,0,ASII
594,2020-09-21,0,ASII
595,2020-09-18,1,ASII
596,2020-09-17,0,ASII
597,2020-09-16,0,ASII
598,2020-09-15,1,ASII
599,2020-09-14,1,ASII
600,2020-09-11,0,ASII
601,2020-09-10,0,ASII
602,2020-09-09,0,ASII
603,2020-09-08,0,ASII
604,2020-09-07,0,ASII
605,2020-09-04,0,ASII
606,2020-09-03,1,ASII
607,2020-09-02,1,ASII
608,2020-09-01,0,ASII
609,2020-08-31,1,ASII
610,2020-08-28,0,ASII
611,2020-08-27,0,ASII
612,2020-08-26,1,ASII
613,2020-08-25,1,ASII
614,2020-08-24,0,ASII
615,2020-08-19,1,ASII
616,2020-08-18,0,ASII
617,2020-08-14,0,ASII
618,2020-08-13,1,ASII
619,2020-08-12,1,ASII
620,2020-08-11,0,ASII
621,2020-08-10,1,ASII
622,2020-08-07,1,ASII
623,2020-08-06,1,ASII
624,2020-08-05,1,ASII
625,2020-08-04,0,ASII
626,2020-08-03,1,ASII
627,2020-07-30,0,ASII
628,2020-07-29,0,ASII
629,2020-07-28,1,ASII
630,2020-07-27,0,ASII
631,2020-07-24,0,ASII
632,2020-07-23,0,ASII
633,2020-07-22,1,ASII
634,2020-07-21,0,ASII
635,2020-07-20,0,ASII
636,2020-07-17,1,ASII
637,2020-07-16,1,ASII
638,2020-07-15,1,ASII
639,2020-07-14,1,ASII
640,2020-07-13,0,ASII
641,2020-07-10,0,ASII
642,2020-07-09,1,ASII
643,2020-07-08,0,ASII
644,2020-07-07,1,ASII
645,2020-07-06,0,ASII
646,2020-07-03,1,ASII
647,2020-07-02,1,ASII
648,2020-07-01,0,ASII
649,2020-06-30,0,ASII
650,2020-06-29,0,ASII
651,2020-06-26,1,ASII
652,2020-06-25,0,ASII
653,2020-06-24,1,ASII
654,2020-06-23,0,ASII
655,2020-06-22,1,ASII
656,2020-06-19,0,ASII
657,2020-06-18,0,ASII
658,2020-06-17,1,ASII
659,2020-06-16,0,ASII
660,2020-06-15,1,ASII
661,2020-06-12,0,ASII
662,2020-06-11,0,ASII
663,2020-06-10,0,ASII
664,2020-06-09,0,ASII
665,2020-06-08,1,ASII
666,2020-06-05,0,ASII
667,2020-06-04,1,ASII
668,2020-06-03,0,ASII
669,2020-06-02,1,ASII
670,2020-05-29,1,ASII
671,2020-05-28,1,ASII
672,2020-05-27,1,ASII
673,2020-05-26,1,ASII
674,2020-05-20,0,ASII
675,2020-05-19,1,ASII
676,2020-05-18,1,ASII
677,2020-05-15,0,ASII
678,2020-05-14,0,ASII
679,2020-05-13,0,ASII
680,2020-05-12,1,ASII
681,2020-05-11,1,ASII
682,2020-05-08,1,ASII
683,2020-05-06,0,ASII
684,2020-05-05,0,ASII
685,2020-05-04,0,ASII
686,2020-04-30,0,ASII
687,2020-04-29,1,ASII
688,2020-04-28,1,ASII
689,2020-04-27,0,ASII
690,2020-04-24,1,ASII
691,2020-04-23,1,ASII
692,2020-04-22,0,ASII
693,2020-04-21,0,ASII
694,2020-04-20,1,ASII
695,2020-04-17,0,ASII
696,2020-04-16,0,ASII
697,2020-04-15,1,ASII
698,2020-04-14,0,ASII
699,2020-04-13,1,ASII
700,2020-04-09,0,ASII
701,2020-04-08,0,ASII
702,2020-04-07,1,ASII
703,2020-04-06,0,ASII
704,2020-04-03,1,ASII
705,2020-04-02,0,ASII
706,2020-04-01,0,ASII
707,2020-03-31,0,ASII
708,2020-03-30,1,ASII
709,2020-03-27,1,ASII
710,2020-03-26,0,ASII
711,2020-03-24,0,ASII
712,2020-03-23,0,ASII
713,2020-03-20,0,ASII
714,2020-03-19,0,ASII
715,2020-03-18,0,ASII
716,2020-03-17,0,ASII
717,2020-03-16,0,ASII
718,2020-03-13,0,ASII
719,2020-03-12,0,ASII
720,2021-03-12,1,BBCA
721,2021-03-10,1,BBCA
722,2021-03-09,0,BBCA
723,2021-03-08,1,BBCA
724,2021-03-05,0,BBCA
725,2021-03-04,0,BBCA
726,2021-03-03,0,BBCA
727,2021-03-02,1,BBCA
728,2021-03-01,1,BBCA
729,2021-02-26,0,BBCA
730,2021-02-25,0,BBCA
731,2021-02-24,1,BBCA
732,2021-02-23,0,BBCA
733,2021-02-22,1,BBCA
734,2021-02-19,0,BBCA
735,2021-02-18,0,BBCA
736,2021-02-17,1,BBCA
737,2021-02-16,1,BBCA
738,2021-02-15,0,BBCA
739,2021-02-11,0,BBCA
740,2021-02-10,1,BBCA
741,2021-02-09,0,BBCA
742,2021-02-08,1,BBCA
743,2021-02-05,0,BBCA
744,2021-02-04,0,BBCA
745,2021-02-03,1,BBCA
746,2021-02-02,1,BBCA
747,2021-02-01,0,BBCA
748,2021-01-29,1,BBCA
749,2021-01-28,0,BBCA
750,2021-01-27,0,BBCA
751,2021-01-26,0,BBCA
752,2021-01-25,1,BBCA
753,2021-01-22,0,BBCA
754,2021-01-21,1,BBCA
755,2021-01-20,1,BBCA
756,2021-01-19,1,BBCA
757,2021-01-18,0,BBCA
758,2021-01-15,1,BBCA
759,2021-01-14,0,BBCA
760,2021-01-13,0,BBCA
761,2021-01-12,1,BBCA
762,2021-01-11,1,BBCA
763,2021-01-08,1,BBCA
764,2021-01-07,0,BBCA
765,2021-01-06,1,BBCA
766,2021-01-05,1,BBCA
767,2021-01-04,0,BBCA
768,2020-12-30,1,BBCA
769,2020-12-29,0,BBCA
770,2020-12-28,0,BBCA
771,2020-12-23,1,BBCA
772,2020-12-22,0,BBCA
773,2020-12-21,0,BBCA
774,2020-12-18,0,BBCA
775,2020-12-17,1,BBCA
776,2020-12-16,1,BBCA
777,2020-12-15,1,BBCA
778,2020-12-14,1,BBCA
779,2020-12-11,1,BBCA
780,2020-12-10,0,BBCA
781,2020-12-09,0,BBCA
782,2020-12-08,1,BBCA
783,2020-12-07,1,BBCA
784,2020-12-04,0,BBCA
785,2020-12-03,1,BBCA
786,2020-12-02,1,BBCA
787,2020-12-01,0,BBCA
788,2020-11-30,0,BBCA
789,2020-11-27,1,BBCA
790,2020-11-26,0,BBCA
791,2020-11-25,0,BBCA
792,2020-11-24,0,BBCA
793,2020-11-23,0,BBCA
794,2020-11-20,1,BBCA
795,2020-11-19,0,BBCA
796,2020-11-18,1,BBCA
797,2020-11-17,1,BBCA
798,2020-11-16,1,BBCA
799,2020-11-13,1,BBCA
800,2020-11-12,0,BBCA
801,2020-11-11,1,BBCA
802,2020-11-10,1,BBCA
803,2020-11-09,1,BBCA
804,2020-11-06,1,BBCA
805,2020-11-05,0,BBCA
806,2020-11-04,1,BBCA
807,2020-11-03,1,BBCA
808,2020-11-02,0,BBCA
809,2020-10-27,1,BBCA
810,2020-10-26,0,BBCA
811,2020-10-23,1,BBCA
812,2020-10-22,0,BBCA
813,2020-10-21,0,BBCA
814,2020-10-20,1,BBCA
815,2020-10-19,0,BBCA
816,2020-10-16,0,BBCA
817,2020-10-15,1,BBCA
818,2020-10-14,0,BBCA
819,2020-10-13,0,BBCA
820,2020-10-12,1,BBCA
821,2020-10-09,0,BBCA
822,2020-10-08,1,BBCA
823,2020-10-07,0,BBCA
824,2020-10-06,1,BBCA
825,2020-10-05,0,BBCA
826,2020-10-02,1,BBCA
827,2020-10-01,0,BBCA
828,2020-09-30,0,BBCA
829,2020-09-29,0,BBCA
830,2020-09-28,1,BBCA
831,2020-09-25,1,BBCA
832,2020-09-24,0,BBCA
833,2020-09-23,0,BBCA
834,2020-09-22,0,BBCA
835,2020-09-21,0,BBCA
836,2020-09-18,0,BBCA
837,2020-09-17,0,BBCA
838,2020-09-16,0,BBCA
839,2020-09-15,1,BBCA
840,2020-09-14,1,BBCA
841,2020-09-11,0,BBCA
842,2020-09-10,0,BBCA
843,2020-09-09,1,BBCA
844,2020-09-08,0,BBCA
845,2020-09-07,0,BBCA
846,2020-09-04,0,BBCA
847,2020-09-03,0,BBCA
848,2020-09-02,1,BBCA
849,2020-09-01,0,BBCA
850,2020-08-31,0,BBCA
851,2020-08-28,1,BBCA
852,2020-08-27,0,BBCA
853,2020-08-26,1,BBCA
854,2020-08-25,0,BBCA
855,2020-08-24,0,BBCA
856,2020-08-19,0,BBCA
857,2020-08-18,1,BBCA
858,2020-08-14,1,BBCA
859,2020-08-13,1,BBCA
860,2020-08-12,1,BBCA
861,2020-08-11,0,BBCA
862,2020-08-10,0,BBCA
863,2020-08-07,1,BBCA
864,2020-08-06,1,BBCA
865,2020-08-05,1,BBCA
866,2020-08-04,0,BBCA
867,2020-08-03,1,BBCA
868,2020-07-30,0,BBCA
869,2020-07-29,1,BBCA
870,2020-07-28,1,BBCA
871,2020-07-27,0,BBCA
872,2020-07-24,1,BBCA
873,2020-07-23,0,BBCA
874,2020-07-22,1,BBCA
875,2020-07-21,0,BBCA
876,2020-07-20,0,BBCA
877,2020-07-17,0,BBCA
878,2020-07-16,0,BBCA
879,2020-07-15,1,BBCA
880,2020-07-14,0,BBCA
881,2020-07-13,1,BBCA
882,2020-07-10,0,BBCA
883,2020-07-09,1,BBCA
884,2020-07-08,1,BBCA
885,2020-07-07,1,BBCA
886,2020-07-06,0,BBCA
887,2020-07-03,1,BBCA
888,2020-07-02,1,BBCA
889,2020-07-01,0,BBCA
890,2020-06-30,1,BBCA
891,2020-06-29,0,BBCA
892,2020-06-26,1,BBCA
893,2020-06-25,1,BBCA
894,2020-06-24,1,BBCA
895,2020-06-23,0,BBCA
896,2020-06-22,0,BBCA
897,2020-06-19,0,BBCA
898,2020-06-18,0,BBCA
899,2020-06-17,1,BBCA
900,2020-06-16,0,BBCA
901,2020-06-15,0,BBCA
902,2020-06-12,0,BBCA
903,2020-06-11,0,BBCA
904,2020-06-10,0,BBCA
905,2020-06-09,1,BBCA
906,2020-06-08,0,BBCA
907,2020-06-05,1,BBCA
908,2020-06-04,1,BBCA
909,2020-06-03,1,BBCA
910,2020-06-02,0,BBCA
911,2020-05-29,1,BBCA
912,2020-05-28,1,BBCA
913,2020-05-27,1,BBCA
914,2020-05-26,1,BBCA
915,2020-05-20,0,BBCA
916,2020-05-19,1,BBCA
917,2020-05-18,0,BBCA
918,2020-05-15,0,BBCA
919,2020-05-14,0,BBCA
920,2020-05-13,0,BBCA
921,2020-05-12,1,BBCA
922,2020-05-11,0,BBCA
923,2020-05-08,1,BBCA
924,2020-05-06,1,BBCA
925,2020-05-05,1,BBCA
926,2020-05-04,1,BBCA
927,2020-04-30,1,BBCA
928,2020-04-29,0,BBCA
929,2020-04-28,1,BBCA
930,2020-04-27,0,BBCA
931,2020-04-24,0,BBCA
932,2020-04-23,1,BBCA
933,2020-04-22,0,BBCA
934,2020-04-21,0,BBCA
935,2020-04-20,1,BBCA
936,2020-04-17,0,BBCA
937,2020-04-16,0,BBCA
938,2020-04-15,1,BBCA
939,2020-04-14,0,BBCA
940,2020-04-13,0,BBCA
941,2020-04-09,0,BBCA
942,2020-04-08,0,BBCA
943,2020-04-07,1,BBCA
944,2020-04-06,1,BBCA
945,2020-04-03,0,BBCA
946,2020-04-02,0,BBCA
947,2020-04-01,0,BBCA
948,2020-03-31,1,BBCA
949,2020-03-30,1,BBCA
950,2020-03-27,1,BBCA
951,2020-03-26,1,BBCA
952,2020-03-24,0,BBCA
953,2020-03-23,1,BBCA
954,2020-03-20,0,BBCA
955,2020-03-19,0,BBCA
956,2020-03-18,0,BBCA
957,2020-03-17,0,BBCA
958,2020-03-16,0,BBCA
959,2020-03-13,0,BBCA
960,2020-03-12,0,BBCA
961,2021-03-12,1,BBNI
962,2021-03-10,0,BBNI
963,2021-03-09,0,BBNI
964,2021-03-08,1,BBNI
965,2021-03-05,0,BBNI
966,2021-03-04,0,BBNI
967,2021-03-03,0,BBNI
968,2021-03-02,1,BBNI
969,2021-03-01,1,BBNI
970,2021-02-26,0,BBNI
971,2021-02-25,1,BBNI
972,2021-02-24,1,BBNI
973,2021-02-23,0,BBNI
974,2021-02-22,0,BBNI
975,2021-02-19,0,BBNI
976,2021-02-18,0,BBNI
977,2021-02-17,1,BBNI
978,2021-02-16,0,BBNI
979,2021-02-15,0,BBNI
980,2021-02-11,1,BBNI
981,2021-02-10,0,BBNI
982,2021-02-09,0,BBNI
983,2021-02-08,0,BBNI
984,2021-02-05,1,BBNI
985,2021-02-04,1,BBNI
986,2021-02-03,1,BBNI
987,2021-02-02,1,BBNI
988,2021-02-01,0,BBNI
989,2021-01-29,0,BBNI
990,2021-01-28,0,BBNI
991,2021-01-27,0,BBNI
992,2021-01-26,0,BBNI
993,2021-01-25,0,BBNI
994,2021-01-22,0,BBNI
995,2021-01-21,1,BBNI
996,2021-01-20,0,BBNI
997,2021-01-19,0,BBNI
998,2021-01-18,0,BBNI
999,2021-01-15,0,BBNI
1000,2021-01-14,0,BBNI
1001,2021-01-13,0,BBNI
1002,2021-01-12,1,BBNI
1003,2021-01-11,1,BBNI
1004,2021-01-08,0,BBNI
1005,2021-01-07,0,BBNI
1006,2021-01-06,1,BBNI
1007,2021-01-05,1,BBNI
1008,2021-01-04,0,BBNI
1009,2020-12-30,0,BBNI
1010,2020-12-29,1,BBNI
1011,2020-12-28,1,BBNI
1012,2020-12-23,0,BBNI
1013,2020-12-22,0,BBNI
1014,2020-12-21,1,BBNI
1015,2020-12-18,0,BBNI
1016,2020-12-17,1,BBNI
1017,2020-12-16,1,BBNI
1018,2020-12-15,0,BBNI
1019,2020-12-14,0,BBNI
1020,2020-12-11,0,BBNI
1021,2020-12-10,0,BBNI
1022,2020-12-08,1,BBNI
1023,2020-12-07,1,BBNI
1024,2020-12-04,0,BBNI
1025,2020-12-03,1,BBNI
1026,2020-12-02,1,BBNI
1027,2020-12-01,0,BBNI
1028,2020-11-30,1,BBNI
1029,2020-11-27,1,BBNI
1030,2020-11-26,1,BBNI
1031,2020-11-25,1,BBNI
1032,2020-11-24,1,BBNI
1033,2020-11-23,0,BBNI
1034,2020-11-20,1,BBNI
1035,2020-11-19,0,BBNI
1036,2020-11-18,0,BBNI
1037,2020-11-17,0,BBNI
1038,2020-11-16,1,BBNI
1039,2020-11-13,0,BBNI
1040,2020-11-12,1,BBNI
1041,2020-11-11,1,BBNI
1042,2020-11-10,1,BBNI
1043,2020-11-09,1,BBNI
1044,2020-11-06,1,BBNI
1045,2020-11-05,1,BBNI
1046,2020-11-04,0,BBNI
1047,2020-11-03,0,BBNI
1048,2020-11-02,0,BBNI
1049,2020-10-27,0,BBNI
1050,2020-10-26,1,BBNI
1051,2020-10-23,1,BBNI
1052,2020-10-22,0,BBNI
1053,2020-10-21,0,BBNI
1054,2020-10-20,1,BBNI
1055,2020-10-19,0,BBNI
1056,2020-10-16,0,BBNI
1057,2020-10-15,1,BBNI
1058,2020-10-14,1,BBNI
1059,2020-10-13,0,BBNI
1060,2020-10-12,0,BBNI
1061,2020-10-09,0,BBNI
1062,2020-10-08,1,BBNI
1063,2020-10-07,0,BBNI
1064,2020-10-06,1,BBNI
1065,2020-10-05,0,BBNI
1066,2020-10-02,1,BBNI
1067,2020-10-01,0,BBNI
1068,2020-09-30,0,BBNI
1069,2020-09-29,0,BBNI
1070,2020-09-28,1,BBNI
1071,2020-09-25,0,BBNI
1072,2020-09-24,0,BBNI
1073,2020-09-23,1,BBNI
1074,2020-09-22,0,BBNI
1075,2020-09-21,1,BBNI
1076,2020-09-18,0,BBNI
1077,2020-09-17,0,BBNI
1078,2020-09-16,0,BBNI
1079,2020-09-15,1,BBNI
1080,2020-09-14,1,BBNI
1081,2020-09-11,0,BBNI
1082,2020-09-10,0,BBNI
1083,2020-09-09,0,BBNI
1084,2020-09-08,1,BBNI
1085,2020-09-07,0,BBNI
1086,2020-09-04,0,BBNI
1087,2020-09-03,1,BBNI
1088,2020-09-02,1,BBNI
1089,2020-09-01,0,BBNI
1090,2020-08-31,0,BBNI
1091,2020-08-28,0,BBNI
1092,2020-08-27,1,BBNI
1093,2020-08-26,1,BBNI
1094,2020-08-25,1,BBNI
1095,2020-08-24,0,BBNI
1096,2020-08-19,1,BBNI
1097,2020-08-18,0,BBNI
1098,2020-08-14,0,BBNI
1099,2020-08-13,1,BBNI
1100,2020-08-12,1,BBNI
1101,2020-08-11,1,BBNI
1102,2020-08-10,0,BBNI
1103,2020-08-07,0,BBNI
1104,2020-08-06,1,BBNI
1105,2020-08-05,1,BBNI
1106,2020-08-04,0,BBNI
1107,2020-08-03,1,BBNI
1108,2020-07-30,0,BBNI
1109,2020-07-29,0,BBNI
1110,2020-07-28,1,BBNI
1111,2020-07-27,0,BBNI
1112,2020-07-24,1,BBNI
1113,2020-07-23,0,BBNI
1114,2020-07-22,1,BBNI
1115,2020-07-21,0,BBNI
1116,2020-07-20,1,BBNI
1117,2020-07-17,0,BBNI
1118,2020-07-16,0,BBNI
1119,2020-07-15,1,BBNI
1120,2020-07-14,1,BBNI
1121,2020-07-13,0,BBNI
1122,2020-07-10,0,BBNI
1123,2020-07-09,1,BBNI
1124,2020-07-08,0,BBNI
1125,2020-07-07,1,BBNI
1126,2020-07-06,0,BBNI
1127,2020-07-03,1,BBNI
1128,2020-07-02,0,BBNI
1129,2020-07-01,0,BBNI
1130,2020-06-30,1,BBNI
1131,2020-06-29,0,BBNI
1132,2020-06-26,0,BBNI
1133,2020-06-25,1,BBNI
1134,2020-06-24,0,BBNI
1135,2020-06-23,0,BBNI
1136,2020-06-22,0,BBNI
1137,2020-06-19,1,BBNI
1138,2020-06-18,0,BBNI
1139,2020-06-17,1,BBNI
1140,2020-06-16,0,BBNI
1141,2020-06-15,1,BBNI
1142,2020-06-12,0,BBNI
1143,2020-06-11,0,BBNI
1144,2020-06-10,0,BBNI
1145,2020-06-09,1,BBNI
1146,2020-06-08,1,BBNI
1147,2020-06-05,0,BBNI
1148,2020-06-04,1,BBNI
1149,2020-06-03,1,BBNI
1150,2020-06-02,1,BBNI
1151,2020-05-29,1,BBNI
1152,2020-05-28,0,BBNI
1153,2020-05-27,0,BBNI
1154,2020-05-26,1,BBNI
1155,2020-05-20,1,BBNI
1156,2020-05-19,1,BBNI
1157,2020-05-18,0,BBNI
1158,2020-05-15,0,BBNI
1159,2020-05-14,1,BBNI
1160,2020-05-13,0,BBNI
1161,2020-05-12,0,BBNI
1162,2020-05-11,1,BBNI
1163,2020-05-08,0,BBNI
1164,2020-05-06,0,BBNI
1165,2020-05-05,0,BBNI
1166,2020-05-04,1,BBNI
1167,2020-04-30,0,BBNI
1168,2020-04-29,1,BBNI
1169,2020-04-28,0,BBNI
1170,2020-04-27,0,BBNI
1171,2020-04-24,0,BBNI
1172,2020-04-23,1,BBNI
1173,2020-04-22,0,BBNI
1174,2020-04-21,0,BBNI
1175,2020-04-20,1,BBNI
1176,2020-04-17,0,BBNI
1177,2020-04-16,0,BBNI
1178,2020-04-15,1,BBNI
1179,2020-04-14,0,BBNI
1180,2020-04-13,0,BBNI
1181,2020-04-09,0,BBNI
1182,2020-04-08,0,BBNI
1183,2020-04-07,1,BBNI
1184,2020-04-06,1,BBNI
1185,2020-04-03,1,BBNI
1186,2020-04-02,0,BBNI
1187,2020-04-01,0,BBNI
1188,2020-03-31,0,BBNI
1189,2020-03-30,1,BBNI
1190,2020-03-27,1,BBNI
1191,2020-03-26,0,BBNI
1192,2020-03-24,0,BBNI
1193,2020-03-23,0,BBNI
1194,2020-03-20,0,BBNI
1195,2020-03-19,0,BBNI
1196,2020-03-18,0,BBNI
1197,2020-03-17,0,BBNI
1198,2020-03-16,1,BBNI
1199,2020-03-13,0,BBNI
1200,2020-03-12,0,BBNI
1201,2021-03-12,1,BBRI
1202,2021-03-10,0,BBRI
1203,2021-03-09,0,BBRI
1204,2021-03-08,1,BBRI
1205,2021-03-05,0,BBRI
1206,2021-03-04,1,BBRI
1207,2021-03-03,0,BBRI
1208,2021-03-02,1,BBRI
1209,2021-03-01,1,BBRI
1210,2021-02-26,0,BBRI
1211,2021-02-25,0,BBRI
1212,2021-02-24,0,BBRI
1213,2021-02-23,0,BBRI
1214,2021-02-22,1,BBRI
1215,2021-02-19,0,BBRI
1216,2021-02-18,0,BBRI
1217,2021-02-17,0,BBRI
1218,2021-02-16,1,BBRI
1219,2021-02-15,1,BBRI
1220,2021-02-11,1,BBRI
1221,2021-02-10,1,BBRI
1222,2021-02-09,0,BBRI
1223,2021-02-08,0,BBRI
1224,2021-02-05,1,BBRI
1225,2021-02-04,0,BBRI
1226,2021-02-03,0,BBRI
1227,2021-02-02,1,BBRI
1228,2021-02-01,0,BBRI
1229,2021-01-29,0,BBRI
1230,2021-01-28,0,BBRI
1231,2021-01-27,0,BBRI
1232,2021-01-26,0,BBRI
1233,2021-01-25,0,BBRI
1234,2021-01-22,0,BBRI
1235,2021-01-21,1,BBRI
1236,2021-01-20,0,BBRI
1237,2021-01-19,1,BBRI
1238,2021-01-18,0,BBRI
1239,2021-01-15,0,BBRI
1240,2021-01-14,1,BBRI
1241,2021-01-13,1,BBRI
1242,2021-01-12,1,BBRI
1243,2021-01-11,1,BBRI
1244,2021-01-08,1,BBRI
1245,2021-01-07,0,BBRI
1246,2021-01-06,0,BBRI
1247,2021-01-05,1,BBRI
1248,2021-01-04,0,BBRI
1249,2020-12-30,0,BBRI
1250,2020-12-29,0,BBRI
1251,2020-12-28,1,BBRI
1252,2020-12-23,0,BBRI
1253,2020-12-22,0,BBRI
1254,2020-12-21,1,BBRI
1255,2020-12-18,0,BBRI
1256,2020-12-17,1,BBRI
1257,2020-12-16,1,BBRI
1258,2020-12-15,0,BBRI
1259,2020-12-14,0,BBRI
1260,2020-12-11,0,BBRI
1261,2020-12-10,1,BBRI
1262,2020-12-08,1,BBRI
1263,2020-12-07,0,BBRI
1264,2020-12-04,1,BBRI
1265,2020-12-03,1,BBRI
1266,2020-12-02,1,BBRI
1267,2020-12-01,0,BBRI
1268,2020-11-30,0,BBRI
1269,2020-11-27,1,BBRI
1270,2020-11-26,0,BBRI
1271,2020-11-25,1,BBRI
1272,2020-11-24,1,BBRI
1273,2020-11-23,0,BBRI
1274,2020-11-20,1,BBRI
1275,2020-11-19,1,BBRI
1276,2020-11-18,0,BBRI
1277,2020-11-17,0,BBRI
1278,2020-11-16,1,BBRI
1279,2020-11-13,0,BBRI
1280,2020-11-12,1,BBRI
1281,2020-11-11,1,BBRI
1282,2020-11-10,1,BBRI
1283,2020-11-09,1,BBRI
1284,2020-11-06,1,BBRI
1285,2020-11-05,0,BBRI
1286,2020-11-04,1,BBRI
1287,2020-11-03,1,BBRI
1288,2020-11-02,1,BBRI
1289,2020-10-27,1,BBRI
1290,2020-10-26,0,BBRI
1291,2020-10-23,1,BBRI
1292,2020-10-22,0,BBRI
1293,2020-10-21,0,BBRI
1294,2020-10-20,1,BBRI
1295,2020-10-19,0,BBRI
1296,2020-10-16,0,BBRI
1297,2020-10-15,1,BBRI
1298,2020-10-14,1,BBRI
1299,2020-10-13,1,BBRI
1300,2020-10-12,1,BBRI
1301,2020-10-09,0,BBRI
1302,2020-10-08,0,BBRI
1303,2020-10-07,0,BBRI
1304,2020-10-06,1,BBRI
1305,2020-10-05,0,BBRI
1306,2020-10-02,1,BBRI
1307,2020-10-01,1,BBRI
1308,2020-09-30,0,BBRI
1309,2020-09-29,0,BBRI
1310,2020-09-28,1,BBRI
1311,2020-09-25,1,BBRI
1312,2020-09-24,0,BBRI
1313,2020-09-23,1,BBRI
1314,2020-09-22,0,BBRI
1315,2020-09-21,0,BBRI
1316,2020-09-18,0,BBRI
1317,2020-09-17,0,BBRI
1318,2020-09-16,0,BBRI
1319,2020-09-15,1,BBRI
1320,2020-09-14,1,BBRI
1321,2020-09-11,0,BBRI
1322,2020-09-10,0,BBRI
1323,2020-09-09,0,BBRI
1324,2020-09-08,0,BBRI
1325,2020-09-07,0,BBRI
1326,2020-09-04,0,BBRI
1327,2020-09-03,1,BBRI
1328,2020-09-02,1,BBRI
1329,2020-09-01,0,BBRI
1330,2020-08-31,0,BBRI
1331,2020-08-28,0,BBRI
1332,2020-08-27,0,BBRI
1333,2020-08-26,1,BBRI
1334,2020-08-25,1,BBRI
1335,2020-08-24,1,BBRI
1336,2020-08-19,1,BBRI
1337,2020-08-18,1,BBRI
1338,2020-08-14,0,BBRI
1339,2020-08-13,1,BBRI
1340,2020-08-12,1,BBRI
1341,2020-08-11,1,BBRI
1342,2020-08-10,0,BBRI
1343,2020-08-07,1,BBRI
1344,2020-08-06,0,BBRI
1345,2020-08-05,1,BBRI
1346,2020-08-04,0,BBRI
1347,2020-08-03,1,BBRI
1348,2020-07-30,0,BBRI
1349,2020-07-29,0,BBRI
1350,2020-07-28,1,BBRI
1351,2020-07-27,0,BBRI
1352,2020-07-24,1,BBRI
1353,2020-07-23,0,BBRI
1354,2020-07-22,1,BBRI
1355,2020-07-21,0,BBRI
1356,2020-07-20,0,BBRI
1357,2020-07-17,1,BBRI
1358,2020-07-16,0,BBRI
1359,2020-07-15,1,BBRI
1360,2020-07-14,1,BBRI
1361,2020-07-13,0,BBRI
1362,2020-07-10,0,BBRI
1363,2020-07-09,1,BBRI
1364,2020-07-08,0,BBRI
1365,2020-07-07,0,BBRI
1366,2020-07-06,1,BBRI
1367,2020-07-03,0,BBRI
1368,2020-07-02,1,BBRI
1369,2020-07-01,0,BBRI
1370,2020-06-30,1,BBRI
1371,2020-06-29,0,BBRI
1372,2020-06-26,0,BBRI
1373,2020-06-25,1,BBRI
1374,2020-06-24,1,BBRI
1375,2020-06-23,0,BBRI
1376,2020-06-22,1,BBRI
1377,2020-06-19,1,BBRI
1378,2020-06-18,0,BBRI
1379,2020-06-17,1,BBRI
1380,2020-06-16,0,BBRI
1381,2020-06-15,1,BBRI
1382,2020-06-12,0,BBRI
1383,2020-06-11,0,BBRI
1384,2020-06-10,0,BBRI
1385,2020-06-09,1,BBRI
1386,2020-06-08,1,BBRI
1387,2020-06-05,0,BBRI
1388,2020-06-04,0,BBRI
1389,2020-06-03,1,BBRI
1390,2020-06-02,1,BBRI
1391,2020-05-29,1,BBRI
1392,2020-05-28,1,BBRI
1393,2020-05-27,0,BBRI
1394,2020-05-26,1,BBRI
1395,2020-05-20,1,BBRI
1396,2020-05-19,0,BBRI
1397,2020-05-18,0,BBRI
1398,2020-05-15,0,BBRI
1399,2020-05-14,0,BBRI
1400,2020-05-13,0,BBRI
1401,2020-05-12,0,BBRI
1402,2020-05-11,0,BBRI
1403,2020-05-08,1,BBRI
1404,2020-05-06,0,BBRI
1405,2020-05-05,0,BBRI
1406,2020-05-04,1,BBRI
1407,2020-04-30,1,BBRI
1408,2020-04-29,0,BBRI
1409,2020-04-28,0,BBRI
1410,2020-04-27,0,BBRI
1411,2020-04-24,0,BBRI
1412,2020-04-23,1,BBRI
1413,2020-04-22,0,BBRI
1414,2020-04-21,0,BBRI
1415,2020-04-20,1,BBRI
1416,2020-04-17,0,BBRI
1417,2020-04-16,0,BBRI
1418,2020-04-15,1,BBRI
1419,2020-04-14,0,BBRI
1420,2020-04-13,0,BBRI
1421,2020-04-09,0,BBRI
1422,2020-04-08,0,BBRI
1423,2020-04-07,1,BBRI
1424,2020-04-06,1,BBRI
1425,2020-04-03,1,BBRI
1426,2020-04-02,0,BBRI
1427,2020-04-01,0,BBRI
1428,2020-03-31,0,BBRI
1429,2020-03-30,1,BBRI
1430,2020-03-27,1,BBRI
1431,2020-03-26,0,BBRI
1432,2020-03-24,0,BBRI
1433,2020-03-23,0,BBRI
1434,2020-03-20,0,BBRI
1435,2020-03-19,0,BBRI
1436,2020-03-18,0,BBRI
1437,2020-03-17,0,BBRI
1438,2020-03-16,1,BBRI
1439,2020-03-13,0,BBRI
1440,2020-03-12,0,BBRI
1441,2021-03-12,1,BMRI
1442,2021-03-10,1,BMRI
1443,2021-03-09,0,BMRI
1444,2021-03-08,1,BMRI
1445,2021-03-05,0,BMRI
1446,2021-03-04,0,BMRI
1447,2021-03-03,1,BMRI
1448,2021-03-02,1,BMRI
1449,2021-03-01,1,BMRI
1450,2021-02-26,0,BMRI
1451,2021-02-25,1,BMRI
1452,2021-02-24,1,BMRI
1453,2021-02-23,0,BMRI
1454,2021-02-22,1,BMRI
1455,2021-02-19,0,BMRI
1456,2021-02-18,0,BMRI
1457,2021-02-17,0,BMRI
1458,2021-02-16,0,BMRI
1459,2021-02-15,0,BMRI
1460,2021-02-11,0,BMRI
1461,2021-02-10,0,BMRI
1462,2021-02-09,0,BMRI
1463,2021-02-08,0,BMRI
1464,2021-02-05,1,BMRI
1465,2021-02-04,0,BMRI
1466,2021-02-03,0,BMRI
1467,2021-02-02,1,BMRI
1468,2021-02-01,0,BMRI
1469,2021-01-29,0,BMRI
1470,2021-01-28,0,BMRI
1471,2021-01-27,1,BMRI
1472,2021-01-26,1,BMRI
1473,2021-01-25,0,BMRI
1474,2021-01-22,0,BMRI
1475,2021-01-21,1,BMRI
1476,2021-01-20,0,BMRI
1477,2021-01-19,1,BMRI
1478,2021-01-18,0,BMRI
1479,2021-01-15,0,BMRI
1480,2021-01-14,0,BMRI
1481,2021-01-13,1,BMRI
1482,2021-01-12,1,BMRI
1483,2021-01-11,1,BMRI
1484,2021-01-08,1,BMRI
1485,2021-01-07,1,BMRI
1486,2021-01-06,0,BMRI
1487,2021-01-05,1,BMRI
1488,2021-01-04,0,BMRI
1489,2020-12-30,0,BMRI
1490,2020-12-29,1,BMRI
1491,2020-12-28,0,BMRI
1492,2020-12-23,0,BMRI
1493,2020-12-22,0,BMRI
1494,2020-12-21,0,BMRI
1495,2020-12-18,1,BMRI
1496,2020-12-17,0,BMRI
1497,2020-12-16,1,BMRI
1498,2020-12-15,0,BMRI
1499,2020-12-14,0,BMRI
1500,2020-12-11,1,BMRI
1501,2020-12-10,1,BMRI
1502,2020-12-08,0,BMRI
1503,2020-12-07,1,BMRI
1504,2020-12-04,0,BMRI
1505,2020-12-03,1,BMRI
1506,2020-12-02,1,BMRI
1507,2020-12-01,0,BMRI
1508,2020-11-30,0,BMRI
1509,2020-11-27,1,BMRI
1510,2020-11-26,1,BMRI
1511,2020-11-25,1,BMRI
1512,2020-11-24,1,BMRI
1513,2020-11-23,1,BMRI
1514,2020-11-20,1,BMRI
1515,2020-11-19,1,BMRI
1516,2020-11-18,0,BMRI
1517,2020-11-17,0,BMRI
1518,2020-11-16,1,BMRI
1519,2020-11-13,0,BMRI
1520,2020-11-12,0,BMRI
1521,2020-11-11,1,BMRI
1522,2020-11-10,1,BMRI
1523,2020-11-09,1,BMRI
1524,2020-11-06,1,BMRI
1525,2020-11-05,0,BMRI
1526,2020-11-04,0,BMRI
1527,2020-11-03,1,BMRI
1528,2020-11-02,0,BMRI
1529,2020-10-27,1,BMRI
1530,2020-10-26,1,BMRI
1531,2020-10-23,1,BMRI
1532,2020-10-22,0,BMRI
1533,2020-10-21,0,BMRI
1534,2020-10-20,1,BMRI
1535,2020-10-19,0,BMRI
1536,2020-10-16,0,BMRI
1537,2020-10-15,0,BMRI
1538,2020-10-14,1,BMRI
1539,2020-10-13,1,BMRI
1540,2020-10-12,1,BMRI
1541,2020-10-09,0,BMRI
1542,2020-10-08,1,BMRI
1543,2020-10-07,0,BMRI
1544,2020-10-06,1,BMRI
1545,2020-10-05,1,BMRI
1546,2020-10-02,1,BMRI
1547,2020-10-01,0,BMRI
1548,2020-09-30,0,BMRI
1549,2020-09-29,0,BMRI
1550,2020-09-28,1,BMRI
1551,2020-09-25,1,BMRI
1552,2020-09-24,0,BMRI
1553,2020-09-23,0,BMRI
1554,2020-09-22,0,BMRI
1555,2020-09-21,0,BMRI
1556,2020-09-18,0,BMRI
1557,2020-09-17,0,BMRI
1558,2020-09-16,0,BMRI
1559,2020-09-15,1,BMRI
1560,2020-09-14,1,BMRI
1561,2020-09-11,0,BMRI
1562,2020-09-10,0,BMRI
1563,2020-09-09,0,BMRI
1564,2020-09-08,0,BMRI
1565,2020-09-07,0,BMRI
1566,2020-09-04,0,BMRI
1567,2020-09-03,0,BMRI
1568,2020-09-02,1,BMRI
1569,2020-09-01,0,BMRI
1570,2020-08-31,0,BMRI
1571,2020-08-28,0,BMRI
1572,2020-08-27,1,BMRI
1573,2020-08-26,1,BMRI
1574,2020-08-25,0,BMRI
1575,2020-08-24,0,BMRI
1576,2020-08-19,1,BMRI
1577,2020-08-18,0,BMRI
1578,2020-08-14,0,BMRI
1579,2020-08-13,1,BMRI
1580,2020-08-12,1,BMRI
1581,2020-08-11,1,BMRI
1582,2020-08-10,1,BMRI
1583,2020-08-07,0,BMRI
1584,2020-08-06,1,BMRI
1585,2020-08-05,1,BMRI
1586,2020-08-04,0,BMRI
1587,2020-08-03,1,BMRI
1588,2020-07-30,0,BMRI
1589,2020-07-29,0,BMRI
1590,2020-07-28,1,BMRI
1591,2020-07-27,0,BMRI
1592,2020-07-24,1,BMRI
1593,2020-07-23,1,BMRI
1594,2020-07-22,1,BMRI
1595,2020-07-21,0,BMRI
1596,2020-07-20,0,BMRI
1597,2020-07-17,0,BMRI
1598,2020-07-16,0,BMRI
1599,2020-07-15,1,BMRI
1600,2020-07-14,1,BMRI
1601,2020-07-13,0,BMRI
1602,2020-07-10,0,BMRI
1603,2020-07-09,1,BMRI
1604,2020-07-08,0,BMRI
1605,2020-07-07,1,BMRI
1606,2020-07-06,1,BMRI
1607,2020-07-03,0,BMRI
1608,2020-07-02,0,BMRI
1609,2020-07-01,0,BMRI
1610,2020-06-30,1,BMRI
1611,2020-06-29,0,BMRI
1612,2020-06-26,1,BMRI
1613,2020-06-25,1,BMRI
1614,2020-06-24,1,BMRI
1615,2020-06-23,0,BMRI
1616,2020-06-22,0,BMRI
1617,2020-06-19,1,BMRI
1618,2020-06-18,0,BMRI
1619,2020-06-17,1,BMRI
1620,2020-06-16,0,BMRI
1621,2020-06-15,1,BMRI
1622,2020-06-12,0,BMRI
1623,2020-06-11,0,BMRI
1624,2020-06-10,0,BMRI
1625,2020-06-09,1,BMRI
1626,2020-06-08,1,BMRI
1627,2020-06-05,0,BMRI
1628,2020-06-04,1,BMRI
1629,2020-06-03,1,BMRI
1630,2020-06-02,1,BMRI
1631,2020-05-29,1,BMRI
1632,2020-05-28,0,BMRI
1633,2020-05-27,1,BMRI
1634,2020-05-26,1,BMRI
1635,2020-05-20,1,BMRI
1636,2020-05-19,0,BMRI
1637,2020-05-18,0,BMRI
1638,2020-05-15,0,BMRI
1639,2020-05-14,0,BMRI
1640,2020-05-13,0,BMRI
1641,2020-05-12,0,BMRI
1642,2020-05-11,1,BMRI
1643,2020-05-08,0,BMRI
1644,2020-05-06,0,BMRI
1645,2020-05-05,0,BMRI
1646,2020-05-04,1,BMRI
1647,2020-04-30,0,BMRI
1648,2020-04-29,1,BMRI
1649,2020-04-28,0,BMRI
1650,2020-04-27,0,BMRI
1651,2020-04-24,1,BMRI
1652,2020-04-23,1,BMRI
1653,2020-04-22,0,BMRI
1654,2020-04-21,0,BMRI
1655,2020-04-20,1,BMRI
1656,2020-04-17,0,BMRI
1657,2020-04-16,0,BMRI
1658,2020-04-15,1,BMRI
1659,2020-04-14,0,BMRI
1660,2020-04-13,0,BMRI
1661,2020-04-09,0,BMRI
1662,2020-04-08,0,BMRI
1663,2020-04-07,1,BMRI
1664,2020-04-06,1,BMRI
1665,2020-04-03,1,BMRI
1666,2020-04-02,0,BMRI
1667,2020-04-01,0,BMRI
1668,2020-03-31,0,BMRI
1669,2020-03-30,1,BMRI
1670,2020-03-27,1,BMRI
1671,2020-03-26,0,BMRI
1672,2020-03-24,0,BMRI
1673,2020-03-23,0,BMRI
1674,2020-03-20,0,BMRI
1675,2020-03-19,0,BMRI
1676,2020-03-18,0,BMRI
1677,2020-03-17,0,BMRI
1678,2020-03-16,1,BMRI
1679,2020-03-13,0,BMRI
1680,2020-03-12,0,BMRI
1681,2021-03-12,0,EXCL
1682,2021-03-10,0,EXCL
1683,2021-03-09,0,EXCL
1684,2021-03-08,1,EXCL
1685,2021-03-05,0,EXCL
1686,2021-03-04,0,EXCL
1687,2021-03-03,1,EXCL
1688,2021-03-02,1,EXCL
1689,2021-03-01,1,EXCL
1690,2021-02-26,0,EXCL
1691,2021-02-25,0,EXCL
1692,2021-02-24,1,EXCL
1693,2021-02-23,0,EXCL
1694,2021-02-22,0,EXCL
1695,2021-02-19,1,EXCL
1696,2021-02-18,0,EXCL
1697,2021-02-17,0,EXCL
1698,2021-02-16,0,EXCL
1699,2021-02-15,1,EXCL
1700,2021-02-11,1,EXCL
1701,2021-02-10,0,EXCL
1702,2021-02-09,0,EXCL
1703,2021-02-08,0,EXCL
1704,2021-02-05,1,EXCL
1705,2021-02-04,1,EXCL
1706,2021-02-03,0,EXCL
1707,2021-02-02,1,EXCL
1708,2021-02-01,0,EXCL
1709,2021-01-29,1,EXCL
1710,2021-01-28,0,EXCL
1711,2021-01-27,0,EXCL
1712,2021-01-26,0,EXCL
1713,2021-01-25,0,EXCL
1714,2021-01-22,0,EXCL
1715,2021-01-21,0,EXCL
1716,2021-01-20,1,EXCL
1717,2021-01-19,0,EXCL
1718,2021-01-18,0,EXCL
1719,2021-01-15,0,EXCL
1720,2021-01-14,0,EXCL
1721,2021-01-13,0,EXCL
1722,2021-01-12,0,EXCL
1723,2021-01-11,1,EXCL
1724,2021-01-08,0,EXCL
1725,2021-01-07,0,EXCL
1726,2021-01-06,0,EXCL
1727,2021-01-05,1,EXCL
1728,2021-01-04,0,EXCL
1729,2020-12-30,0,EXCL
1730,2020-12-29,1,EXCL
1731,2020-12-28,0,EXCL
1732,2020-12-23,0,EXCL
1733,2020-12-22,1,EXCL
1734,2020-12-21,0,EXCL
1735,2020-12-18,0,EXCL
1736,2020-12-17,1,EXCL
1737,2020-12-16,1,EXCL
1738,2020-12-15,1,EXCL
1739,2020-12-14,1,EXCL
1740,2020-12-11,0,EXCL
1741,2020-12-10,0,EXCL
1742,2020-12-08,1,EXCL
1743,2020-12-07,1,EXCL
1744,2020-12-04,0,EXCL
1745,2020-12-03,1,EXCL
1746,2020-12-02,0,EXCL
1747,2020-12-01,0,EXCL
1748,2020-11-30,0,EXCL
1749,2020-11-27,1,EXCL
1750,2020-11-26,0,EXCL
1751,2020-11-25,0,EXCL
1752,2020-11-24,1,EXCL
1753,2020-11-23,1,EXCL
1754,2020-11-20,1,EXCL
1755,2020-11-19,0,EXCL
1756,2020-11-18,0,EXCL
1757,2020-11-17,1,EXCL
1758,2020-11-16,1,EXCL
1759,2020-11-13,0,EXCL
1760,2020-11-12,1,EXCL
1761,2020-11-11,0,EXCL
1762,2020-11-10,0,EXCL
1763,2020-11-09,1,EXCL
1764,2020-11-06,1,EXCL
1765,2020-11-05,1,EXCL
1766,2020-11-04,0,EXCL
1767,2020-11-03,1,EXCL
1768,2020-11-02,1,EXCL
1769,2020-10-27,0,EXCL
1770,2020-10-26,0,EXCL
1771,2020-10-23,1,EXCL
1772,2020-10-22,0,EXCL
1773,2020-10-21,0,EXCL
1774,2020-10-20,0,EXCL
1775,2020-10-19,1,EXCL
1776,2020-10-16,0,EXCL
1777,2020-10-15,1,EXCL
1778,2020-10-14,0,EXCL
1779,2020-10-13,0,EXCL
1780,2020-10-12,1,EXCL
1781,2020-10-09,1,EXCL
1782,2020-10-08,1,EXCL
1783,2020-10-07,0,EXCL
1784,2020-10-06,0,EXCL
1785,2020-10-05,0,EXCL
1786,2020-10-02,1,EXCL
1787,2020-10-01,1,EXCL
1788,2020-09-30,0,EXCL
1789,2020-09-29,1,EXCL
1790,2020-09-28,1,EXCL
1791,2020-09-25,0,EXCL
1792,2020-09-24,0,EXCL
1793,2020-09-23,0,EXCL
1794,2020-09-22,0,EXCL
1795,2020-09-21,1,EXCL
1796,2020-09-18,0,EXCL
1797,2020-09-17,0,EXCL
1798,2020-09-16,0,EXCL
1799,2020-09-15,1,EXCL
1800,2020-09-14,1,EXCL
1801,2020-09-11,0,EXCL
1802,2020-09-10,0,EXCL
1803,2020-09-09,0,EXCL
1804,2020-09-08,0,EXCL
1805,2020-09-07,0,EXCL
1806,2020-09-04,0,EXCL
1807,2020-09-03,1,EXCL
1808,2020-09-02,0,EXCL
1809,2020-09-01,0,EXCL
1810,2020-08-31,0,EXCL
1811,2020-08-28,1,EXCL
1812,2020-08-27,1,EXCL
1813,2020-08-26,0,EXCL
1814,2020-08-25,1,EXCL
1815,2020-08-24,1,EXCL
1816,2020-08-19,0,EXCL
1817,2020-08-18,0,EXCL
1818,2020-08-14,1,EXCL
1819,2020-08-13,1,EXCL
1820,2020-08-12,0,EXCL
1821,2020-08-11,1,EXCL
1822,2020-08-10,0,EXCL
1823,2020-08-07,1,EXCL
1824,2020-08-06,1,EXCL
1825,2020-08-05,1,EXCL
1826,2020-08-04,0,EXCL
1827,2020-08-03,0,EXCL
1828,2020-07-30,0,EXCL
1829,2020-07-29,0,EXCL
1830,2020-07-28,1,EXCL
1831,2020-07-27,0,EXCL
1832,2020-07-24,1,EXCL
1833,2020-07-23,0,EXCL
1834,2020-07-22,1,EXCL
1835,2020-07-21,1,EXCL
1836,2020-07-20,0,EXCL
1837,2020-07-17,0,EXCL
1838,2020-07-16,0,EXCL
1839,2020-07-15,1,EXCL
1840,2020-07-14,1,EXCL
1841,2020-07-13,0,EXCL
1842,2020-07-10,0,EXCL
1843,2020-07-09,1,EXCL
1844,2020-07-08,0,EXCL
1845,2020-07-07,1,EXCL
1846,2020-07-06,1,EXCL
1847,2020-07-03,0,EXCL
1848,2020-07-02,0,EXCL
1849,2020-07-01,0,EXCL
1850,2020-06-30,1,EXCL
1851,2020-06-29,1,EXCL
1852,2020-06-26,0,EXCL
1853,2020-06-25,0,EXCL
1854,2020-06-24,0,EXCL
1855,2020-06-23,0,EXCL
1856,2020-06-22,1,EXCL
1857,2020-06-19,1,EXCL
1858,2020-06-18,1,EXCL
1859,2020-06-17,1,EXCL
1860,2020-06-16,1,EXCL
1861,2020-06-15,1,EXCL
1862,2020-06-12,0,EXCL
1863,2020-06-11,0,EXCL
1864,2020-06-10,0,EXCL
1865,2020-06-09,0,EXCL
1866,2020-06-08,1,EXCL
1867,2020-06-05,1,EXCL
1868,2020-06-04,0,EXCL
1869,2020-06-03,0,EXCL
1870,2020-06-02,0,EXCL
1871,2020-05-29,0,EXCL
1872,2020-05-28,1,EXCL
1873,2020-05-27,1,EXCL
1874,2020-05-26,0,EXCL
1875,2020-05-20,0,EXCL
1876,2020-05-19,1,EXCL
1877,2020-05-18,1,EXCL
1878,2020-05-15,0,EXCL
1879,2020-05-14,1,EXCL
1880,2020-05-13,0,EXCL
1881,2020-05-12,1,EXCL
1882,2020-05-11,1,EXCL
1883,2020-05-08,0,EXCL
1884,2020-05-06,0,EXCL
1885,2020-05-05,0,EXCL
1886,2020-05-04,0,EXCL
1887,2020-04-30,1,EXCL
1888,2020-04-29,0,EXCL
1889,2020-04-28,1,EXCL
1890,2020-04-27,1,EXCL
1891,2020-04-24,0,EXCL
1892,2020-04-23,1,EXCL
1893,2020-04-22,0,EXCL
1894,2020-04-21,0,EXCL
1895,2020-04-20,1,EXCL
1896,2020-04-17,0,EXCL
1897,2020-04-16,0,EXCL
1898,2020-04-15,1,EXCL
1899,2020-04-14,0,EXCL
1900,2020-04-13,0,EXCL
1901,2020-04-09,0,EXCL
1902,2020-04-08,0,EXCL
1903,2020-04-07,1,EXCL
1904,2020-04-06,1,EXCL
1905,2020-04-03,1,EXCL
1906,2020-04-02,1,EXCL
1907,2020-04-01,1,EXCL
1908,2020-03-31,1,EXCL
1909,2020-03-30,1,EXCL
1910,2020-03-27,1,EXCL
1911,2020-03-26,0,EXCL
1912,2020-03-24,0,EXCL
1913,2020-03-23,1,EXCL
1914,2020-03-20,0,EXCL
1915,2020-03-19,0,EXCL
1916,2020-03-18,0,EXCL
1917,2020-03-17,0,EXCL
1918,2020-03-16,1,EXCL
1919,2020-03-13,0,EXCL
1920,2020-03-12,0,EXCL
1921,2021-03-12,1,INDF
1922,2021-03-10,0,INDF
1923,2021-03-09,1,INDF
1924,2021-03-08,1,INDF
1925,2021-03-05,0,INDF
1926,2021-03-04,0,INDF
1927,2021-03-03,1,INDF
1928,2021-03-02,1,INDF
1929,2021-03-01,0,INDF
1930,2021-02-26,0,INDF
1931,2021-02-25,1,INDF
1932,2021-02-24,1,INDF
1933,2021-02-23,0,INDF
1934,2021-02-22,1,INDF
1935,2021-02-19,0,INDF
1936,2021-02-18,0,INDF
1937,2021-02-17,0,INDF
1938,2021-02-16,0,INDF
1939,2021-02-15,1,INDF
1940,2021-02-11,0,INDF
1941,2021-02-10,0,INDF
1942,2021-02-09,0,INDF
1943,2021-02-08,0,INDF
1944,2021-02-05,1,INDF
1945,2021-02-04,0,INDF
1946,2021-02-03,1,INDF
1947,2021-02-02,1,INDF
1948,2021-02-01,0,INDF
1949,2021-01-29,0,INDF
1950,2021-01-28,0,INDF
1951,2021-01-27,0,INDF
1952,2021-01-26,0,INDF
1953,2021-01-25,0,INDF
1954,2021-01-22,0,INDF
1955,2021-01-21,0,INDF
1956,2021-01-20,0,INDF
1957,2021-01-19,1,INDF
1958,2021-01-18,0,INDF
1959,2021-01-15,0,INDF
1960,2021-01-14,0,INDF
1961,2021-01-13,0,INDF
1962,2021-01-12,0,INDF
1963,2021-01-11,1,INDF
1964,2021-01-08,1,INDF
1965,2021-01-07,0,INDF
1966,2021-01-06,1,INDF
1967,2021-01-05,0,INDF
1968,2021-01-04,1,INDF
1969,2020-12-30,0,INDF
1970,2020-12-29,1,INDF
1971,2020-12-28,1,INDF
1972,2020-12-23,0,INDF
1973,2020-12-22,1,INDF
1974,2020-12-21,0,INDF
1975,2020-12-18,0,INDF
1976,2020-12-17,0,INDF
1977,2020-12-16,0,INDF
1978,2020-12-15,1,INDF
1979,2020-12-14,0,INDF
1980,2020-12-11,0,INDF
1981,2020-12-10,0,INDF
1982,2020-12-08,1,INDF
1983,2020-12-07,0,INDF
1984,2020-12-04,0,INDF
1985,2020-12-03,1,INDF
1986,2020-12-02,0,INDF
1987,2020-12-01,0,INDF
1988,2020-11-30,1,INDF
1989,2020-11-27,1,INDF
1990,2020-11-26,0,INDF
1991,2020-11-25,0,INDF
1992,2020-11-24,1,INDF
1993,2020-11-23,0,INDF
1994,2020-11-20,0,INDF
1995,2020-11-19,1,INDF
1996,2020-11-18,1,INDF
1997,2020-11-17,0,INDF
1998,2020-11-16,0,INDF
1999,2020-11-13,1,INDF
2000,2020-11-12,0,INDF
2001,2020-11-11,0,INDF
2002,2020-11-10,1,INDF
2003,2020-11-09,1,INDF
2004,2020-11-06,0,INDF
2005,2020-11-05,1,INDF
2006,2020-11-04,1,INDF
2007,2020-11-03,1,INDF
2008,2020-11-02,0,INDF
2009,2020-10-27,0,INDF
2010,2020-10-26,0,INDF
2011,2020-10-23,1,INDF
2012,2020-10-22,0,INDF
2013,2020-10-21,0,INDF
2014,2020-10-20,1,INDF
2015,2020-10-19,1,INDF
2016,2020-10-16,0,INDF
2017,2020-10-15,0,INDF
2018,2020-10-14,0,INDF
2019,2020-10-13,0,INDF
2020,2020-10-12,1,INDF
2021,2020-10-09,1,INDF
2022,2020-10-08,0,INDF
2023,2020-10-07,1,INDF
2024,2020-10-06,1,INDF
2025,2020-10-05,0,INDF
2026,2020-10-02,1,INDF
2027,2020-10-01,1,INDF
2028,2020-09-30,0,INDF
2029,2020-09-29,0,INDF
2030,2020-09-28,1,INDF
2031,2020-09-25,0,INDF
2032,2020-09-24,0,INDF
2033,2020-09-23,1,INDF
2034,2020-09-22,0,INDF
2035,2020-09-21,1,INDF
2036,2020-09-18,0,INDF
2037,2020-09-17,0,INDF
2038,2020-09-16,0,INDF
2039,2020-09-15,1,INDF
2040,2020-09-14,1,INDF
2041,2020-09-11,0,INDF
2042,2020-09-10,0,INDF
2043,2020-09-09,1,INDF
2044,2020-09-08,1,INDF
2045,2020-09-07,0,INDF
2046,2020-09-04,0,INDF
2047,2020-09-03,1,INDF
2048,2020-09-02,0,INDF
2049,2020-09-01,0,INDF
2050,2020-08-31,0,INDF
2051,2020-08-28,1,INDF
2052,2020-08-27,0,INDF
2053,2020-08-26,1,INDF
2054,2020-08-25,1,INDF
2055,2020-08-24,0,INDF
2056,2020-08-19,0,INDF
2057,2020-08-18,1,INDF
2058,2020-08-14,1,INDF
2059,2020-08-13,1,INDF
2060,2020-08-12,1,INDF
2061,2020-08-11,1,INDF
2062,2020-08-10,0,INDF
2063,2020-08-07,0,INDF
2064,2020-08-06,1,INDF
2065,2020-08-05,1,INDF
2066,2020-08-04,1,INDF
2067,2020-08-03,0,INDF
2068,2020-07-30,1,INDF
2069,2020-07-29,0,INDF
2070,2020-07-28,0,INDF
2071,2020-07-27,0,INDF
2072,2020-07-24,0,INDF
2073,2020-07-23,0,INDF
2074,2020-07-22,1,INDF
2075,2020-07-21,1,INDF
2076,2020-07-20,0,INDF
2077,2020-07-17,1,INDF
2078,2020-07-16,0,INDF
2079,2020-07-15,1,INDF
2080,2020-07-14,1,INDF
2081,2020-07-13,0,INDF
2082,2020-07-10,0,INDF
2083,2020-07-09,1,INDF
2084,2020-07-08,0,INDF
2085,2020-07-07,0,INDF
2086,2020-07-06,1,INDF
2087,2020-07-03,1,INDF
2088,2020-07-02,1,INDF
2089,2020-07-01,0,INDF
2090,2020-06-30,1,INDF
2091,2020-06-29,1,INDF
2092,2020-06-26,0,INDF
2093,2020-06-25,1,INDF
2094,2020-06-24,0,INDF
2095,2020-06-23,0,INDF
2096,2020-06-22,1,INDF
2097,2020-06-19,0,INDF
2098,2020-06-18,1,INDF
2099,2020-06-17,1,INDF
2100,2020-06-16,1,INDF
2101,2020-06-15,0,INDF
2102,2020-06-12,1,INDF
2103,2020-06-11,0,INDF
2104,2020-06-10,1,INDF
2105,2020-06-09,0,INDF
2106,2020-06-08,1,INDF
2107,2020-06-05,0,INDF
2108,2020-06-04,1,INDF
2109,2020-06-03,1,INDF
2110,2020-06-02,1,INDF
2111,2020-05-29,1,INDF
2112,2020-05-28,0,INDF
2113,2020-05-27,0,INDF
2114,2020-05-26,0,INDF
2115,2020-05-20,1,INDF
2116,2020-05-19,0,INDF
2117,2020-05-18,0,INDF
2118,2020-05-15,1,INDF
2119,2020-05-14,1,INDF
2120,2020-05-13,0,INDF
2121,2020-05-12,0,INDF
2122,2020-05-11,1,INDF
2123,2020-05-08,1,INDF
2124,2020-05-06,0,INDF
2125,2020-05-05,1,INDF
2126,2020-05-04,0,INDF
2127,2020-04-30,1,INDF
2128,2020-04-29,1,INDF
2129,2020-04-28,0,INDF
2130,2020-04-27,0,INDF
2131,2020-04-24,1,INDF
2132,2020-04-23,1,INDF
2133,2020-04-22,0,INDF
2134,2020-04-21,0,INDF
2135,2020-04-20,1,INDF
2136,2020-04-17,0,INDF
2137,2020-04-16,0,INDF
2138,2020-04-15,1,INDF
2139,2020-04-14,0,INDF
2140,2020-04-13,1,INDF
2141,2020-04-09,0,INDF
2142,2020-04-08,0,INDF
2143,2020-04-07,1,INDF
2144,2020-04-06,0,INDF
2145,2020-04-03,1,INDF
2146,2020-04-02,0,INDF
2147,2020-04-01,0,INDF
2148,2020-03-31,0,INDF
2149,2020-03-30,1,INDF
2150,2020-03-27,1,INDF
2151,2020-03-26,0,INDF
2152,2020-03-24,0,INDF
2153,2020-03-23,1,INDF
2154,2020-03-20,0,INDF
2155,2020-03-19,0,INDF
2156,2020-03-18,0,INDF
2157,2020-03-17,0,INDF
2158,2020-03-16,1,INDF
2159,2020-03-13,0,INDF
2160,2020-03-12,0,INDF
2161,2021-03-12,1,KLBF
2162,2021-03-10,0,KLBF
2163,2021-03-09,1,KLBF
2164,2021-03-08,0,KLBF
2165,2021-03-05,1,KLBF
2166,2021-03-04,0,KLBF
2167,2021-03-03,1,KLBF
2168,2021-03-02,1,KLBF
2169,2021-03-01,0,KLBF
2170,2021-02-26,0,KLBF
2171,2021-02-25,0,KLBF
2172,2021-02-24,0,KLBF
2173,2021-02-23,0,KLBF
2174,2021-02-22,1,KLBF
2175,2021-02-19,0,KLBF
2176,2021-02-18,0,KLBF
2177,2021-02-17,0,KLBF
2178,2021-02-16,1,KLBF
2179,2021-02-15,1,KLBF
2180,2021-02-11,1,KLBF
2181,2021-02-10,0,KLBF
2182,2021-02-09,0,KLBF
2183,2021-02-08,1,KLBF
2184,2021-02-05,0,KLBF
2185,2021-02-04,1,KLBF
2186,2021-02-03,1,KLBF
2187,2021-02-02,1,KLBF
2188,2021-02-01,0,KLBF
2189,2021-01-29,1,KLBF
2190,2021-01-28,0,KLBF
2191,2021-01-27,0,KLBF
2192,2021-01-26,0,KLBF
2193,2021-01-25,0,KLBF
2194,2021-01-22,1,KLBF
2195,2021-01-21,0,KLBF
2196,2021-01-20,0,KLBF
2197,2021-01-19,1,KLBF
2198,2021-01-18,1,KLBF
2199,2021-01-15,1,KLBF
2200,2021-01-14,0,KLBF
2201,2021-01-13,0,KLBF
2202,2021-01-12,1,KLBF
2203,2021-01-11,0,KLBF
2204,2021-01-08,0,KLBF
2205,2021-01-07,1,KLBF
2206,2021-01-06,0,KLBF
2207,2021-01-05,0,KLBF
2208,2021-01-04,1,KLBF
2209,2020-12-30,0,KLBF
2210,2020-12-29,1,KLBF
2211,2020-12-28,0,KLBF
2212,2020-12-23,0,KLBF
2213,2020-12-22,0,KLBF
2214,2020-12-21,1,KLBF
2215,2020-12-18,0,KLBF
2216,2020-12-17,1,KLBF
2217,2020-12-16,1,KLBF
2218,2020-12-15,1,KLBF
2219,2020-12-14,0,KLBF
2220,2020-12-11,0,KLBF
2221,2020-12-10,0,KLBF
2222,2020-12-08,0,KLBF
2223,2020-12-07,1,KLBF
2224,2020-12-04,0,KLBF
2225,2020-12-03,0,KLBF
2226,2020-12-02,0,KLBF
2227,2020-12-01,1,KLBF
2228,2020-11-30,0,KLBF
2229,2020-11-27,1,KLBF
2230,2020-11-26,0,KLBF
2231,2020-11-25,0,KLBF
2232,2020-11-24,0,KLBF
2233,2020-11-23,0,KLBF
2234,2020-11-20,0,KLBF
2235,2020-11-19,0,KLBF
2236,2020-11-18,0,KLBF
2237,2020-11-17,0,KLBF
2238,2020-11-16,1,KLBF
2239,2020-11-13,1,KLBF
2240,2020-11-12,0,KLBF
2241,2020-11-11,0,KLBF
2242,2020-11-10,1,KLBF
2243,2020-11-09,1,KLBF
2244,2020-11-06,1,KLBF
2245,2020-11-05,1,KLBF
2246,2020-11-04,0,KLBF
2247,2020-11-03,0,KLBF
2248,2020-11-02,0,KLBF
2249,2020-10-27,0,KLBF
2250,2020-10-26,0,KLBF
2251,2020-10-23,1,KLBF
2252,2020-10-22,0,KLBF
2253,2020-10-21,0,KLBF
2254,2020-10-20,1,KLBF
2255,2020-10-19,1,KLBF
2256,2020-10-16,0,KLBF
2257,2020-10-15,1,KLBF
2258,2020-10-14,1,KLBF
2259,2020-10-13,0,KLBF
2260,2020-10-12,0,KLBF
2261,2020-10-09,0,KLBF
2262,2020-10-08,1,KLBF
2263,2020-10-07,0,KLBF
2264,2020-10-06,0,KLBF
2265,2020-10-05,0,KLBF
2266,2020-10-02,1,KLBF
2267,2020-10-01,1,KLBF
2268,2020-09-30,0,KLBF
2269,2020-09-29,0,KLBF
2270,2020-09-28,1,KLBF
2271,2020-09-25,1,KLBF
2272,2020-09-24,1,KLBF
2273,2020-09-23,1,KLBF
2274,2020-09-22,0,KLBF
2275,2020-09-21,1,KLBF
2276,2020-09-18,0,KLBF
2277,2020-09-17,0,KLBF
2278,2020-09-16,0,KLBF
2279,2020-09-15,0,KLBF
2280,2020-09-14,1,KLBF
2281,2020-09-11,0,KLBF
2282,2020-09-10,0,KLBF
2283,2020-09-09,0,KLBF
2284,2020-09-08,1,KLBF
2285,2020-09-07,0,KLBF
2286,2020-09-04,0,KLBF
2287,2020-09-03,0,KLBF
2288,2020-09-02,1,KLBF
2289,2020-09-01,0,KLBF
2290,2020-08-31,0,KLBF
2291,2020-08-28,1,KLBF
2292,2020-08-27,0,KLBF
2293,2020-08-26,1,KLBF
2294,2020-08-25,0,KLBF
2295,2020-08-24,0,KLBF
2296,2020-08-19,1,KLBF
2297,2020-08-18,0,KLBF
2298,2020-08-14,1,KLBF
2299,2020-08-13,0,KLBF
2300,2020-08-12,1,KLBF
2301,2020-08-11,1,KLBF
2302,2020-08-10,0,KLBF
2303,2020-08-07,0,KLBF
2304,2020-08-06,1,KLBF
2305,2020-08-05,0,KLBF
2306,2020-08-04,1,KLBF
2307,2020-08-03,1,KLBF
2308,2020-07-30,1,KLBF
2309,2020-07-29,0,KLBF
2310,2020-07-28,1,KLBF
2311,2020-07-27,0,KLBF
2312,2020-07-24,1,KLBF
2313,2020-07-23,1,KLBF
2314,2020-07-22,1,KLBF
2315,2020-07-21,1,KLBF
2316,2020-07-20,0,KLBF
2317,2020-07-17,0,KLBF
2318,2020-07-16,1,KLBF
2319,2020-07-15,1,KLBF
2320,2020-07-14,0,KLBF
2321,2020-07-13,0,KLBF
2322,2020-07-10,1,KLBF
2323,2020-07-09,1,KLBF
2324,2020-07-08,0,KLBF
2325,2020-07-07,1,KLBF
2326,2020-07-06,0,KLBF
2327,2020-07-03,1,KLBF
2328,2020-07-02,0,KLBF
2329,2020-07-01,1,KLBF
2330,2020-06-30,0,KLBF
2331,2020-06-29,0,KLBF
2332,2020-06-26,0,KLBF
2333,2020-06-25,1,KLBF
2334,2020-06-24,0,KLBF
2335,2020-06-23,1,KLBF
2336,2020-06-22,1,KLBF
2337,2020-06-19,1,KLBF
2338,2020-06-18,0,KLBF
2339,2020-06-17,1,KLBF
2340,2020-06-16,1,KLBF
2341,2020-06-15,0,KLBF
2342,2020-06-12,0,KLBF
2343,2020-06-11,1,KLBF
2344,2020-06-10,0,KLBF
2345,2020-06-09,1,KLBF
2346,2020-06-08,1,KLBF
2347,2020-06-05,0,KLBF
2348,2020-06-04,1,KLBF
2349,2020-06-03,1,KLBF
2350,2020-06-02,0,KLBF
2351,2020-05-29,1,KLBF
2352,2020-05-28,1,KLBF
2353,2020-05-27,0,KLBF
2354,2020-05-26,0,KLBF
2355,2020-05-20,0,KLBF
2356,2020-05-19,0,KLBF
2357,2020-05-18,0,KLBF
2358,2020-05-15,0,KLBF
2359,2020-05-14,0,KLBF
2360,2020-05-13,1,KLBF
2361,2020-05-12,0,KLBF
2362,2020-05-11,1,KLBF
2363,2020-05-08,1,KLBF
2364,2020-05-06,0,KLBF
2365,2020-05-05,1,KLBF
2366,2020-05-04,0,KLBF
2367,2020-04-30,1,KLBF
2368,2020-04-29,1,KLBF
2369,2020-04-28,1,KLBF
2370,2020-04-27,1,KLBF
2371,2020-04-24,0,KLBF
2372,2020-04-23,1,KLBF
2373,2020-04-22,1,KLBF
2374,2020-04-21,0,KLBF
2375,2020-04-20,1,KLBF
2376,2020-04-17,0,KLBF
2377,2020-04-16,0,KLBF
2378,2020-04-15,1,KLBF
2379,2020-04-14,0,KLBF
2380,2020-04-13,0,KLBF
2381,2020-04-09,0,KLBF
2382,2020-04-08,0,KLBF
2383,2020-04-07,0,KLBF
2384,2020-04-06,0,KLBF
2385,2020-04-03,1,KLBF
2386,2020-04-02,0,KLBF
2387,2020-04-01,1,KLBF
2388,2020-03-31,1,KLBF
2389,2020-03-30,1,KLBF
2390,2020-03-27,1,KLBF
2391,2020-03-26,0,KLBF
2392,2020-03-24,0,KLBF
2393,2020-03-23,1,KLBF
2394,2020-03-20,0,KLBF
2395,2020-03-19,0,KLBF
2396,2020-03-18,0,KLBF
2397,2020-03-17,0,KLBF
2398,2020-03-16,0,KLBF
2399,2020-03-13,0,KLBF
2400,2020-03-12,0,KLBF
2401,2021-03-12,1,PGAS
2402,2021-03-10,0,PGAS
2403,2021-03-09,0,PGAS
2404,2021-03-08,0,PGAS
2405,2021-03-05,0,PGAS
2406,2021-03-04,0,PGAS
2407,2021-03-03,1,PGAS
2408,2021-03-02,1,PGAS
2409,2021-03-01,1,PGAS
2410,2021-02-26,0,PGAS
2411,2021-02-25,0,PGAS
2412,2021-02-24,0,PGAS
2413,2021-02-23,0,PGAS
2414,2021-02-22,1,PGAS
2415,2021-02-19,0,PGAS
2416,2021-02-18,0,PGAS
2417,2021-02-17,0,PGAS
2418,2021-02-16,1,PGAS
2419,2021-02-15,1,PGAS
2420,2021-02-11,0,PGAS
2421,2021-02-10,0,PGAS
2422,2021-02-09,1,PGAS
2423,2021-02-08,1,PGAS
2424,2021-02-05,0,PGAS
2425,2021-02-04,1,PGAS
2426,2021-02-03,0,PGAS
2427,2021-02-02,1,PGAS
2428,2021-02-01,0,PGAS
2429,2021-01-29,0,PGAS
2430,2021-01-28,0,PGAS
2431,2021-01-27,0,PGAS
2432,2021-01-26,0,PGAS
2433,2021-01-25,0,PGAS
2434,2021-01-22,1,PGAS
2435,2021-01-21,1,PGAS
2436,2021-01-20,0,PGAS
2437,2021-01-19,1,PGAS
2438,2021-01-18,0,PGAS
2439,2021-01-15,1,PGAS
2440,2021-01-14,0,PGAS
2441,2021-01-13,0,PGAS
2442,2021-01-12,0,PGAS
2443,2021-01-11,0,PGAS
2444,2021-01-08,1,PGAS
2445,2021-01-07,0,PGAS
2446,2021-01-06,1,PGAS
2447,2021-01-05,0,PGAS
2448,2021-01-04,0,PGAS
2449,2020-12-30,0,PGAS
2450,2020-12-29,1,PGAS
2451,2020-12-28,0,PGAS
2452,2020-12-23,0,PGAS
2453,2020-12-22,0,PGAS
2454,2020-12-21,1,PGAS
2455,2020-12-18,0,PGAS
2456,2020-12-17,1,PGAS
2457,2020-12-16,1,PGAS
2458,2020-12-15,1,PGAS
2459,2020-12-14,0,PGAS
2460,2020-12-11,0,PGAS
2461,2020-12-10,1,PGAS
2462,2020-12-08,1,PGAS
2463,2020-12-07,1,PGAS
2464,2020-12-04,0,PGAS
2465,2020-12-03,1,PGAS
2466,2020-12-02,1,PGAS
2467,2020-12-01,0,PGAS
2468,2020-11-30,1,PGAS
2469,2020-11-27,1,PGAS
2470,2020-11-26,0,PGAS
2471,2020-11-25,1,PGAS
2472,2020-11-24,1,PGAS
2473,2020-11-23,1,PGAS
2474,2020-11-20,0,PGAS
2475,2020-11-19,1,PGAS
2476,2020-11-18,1,PGAS
2477,2020-11-17,1,PGAS
2478,2020-11-16,1,PGAS
2479,2020-11-13,0,PGAS
2480,2020-11-12,1,PGAS
2481,2020-11-11,1,PGAS
2482,2020-11-10,1,PGAS
2483,2020-11-09,1,PGAS
2484,2020-11-06,1,PGAS
2485,2020-11-05,0,PGAS
2486,2020-11-04,1,PGAS
2487,2020-11-03,1,PGAS
2488,2020-11-02,0,PGAS
2489,2020-10-27,1,PGAS
2490,2020-10-26,0,PGAS
2491,2020-10-23,1,PGAS
2492,2020-10-22,0,PGAS
2493,2020-10-21,0,PGAS
2494,2020-10-20,1,PGAS
2495,2020-10-19,0,PGAS
2496,2020-10-16,0,PGAS
2497,2020-10-15,1,PGAS
2498,2020-10-14,1,PGAS
2499,2020-10-13,1,PGAS
2500,2020-10-12,1,PGAS
2501,2020-10-09,0,PGAS
2502,2020-10-08,1,PGAS
2503,2020-10-07,1,PGAS
2504,2020-10-06,1,PGAS
2505,2020-10-05,0,PGAS
2506,2020-10-02,1,PGAS
2507,2020-10-01,0,PGAS
2508,2020-09-30,0,PGAS
2509,2020-09-29,0,PGAS
2510,2020-09-28,1,PGAS
2511,2020-09-25,0,PGAS
2512,2020-09-24,0,PGAS
2513,2020-09-23,1,PGAS
2514,2020-09-22,0,PGAS
2515,2020-09-21,0,PGAS
2516,2020-09-18,0,PGAS
2517,2020-09-17,0,PGAS
2518,2020-09-16,0,PGAS
2519,2020-09-15,1,PGAS
2520,2020-09-14,1,PGAS
2521,2020-09-11,0,PGAS
2522,2020-09-10,0,PGAS
2523,2020-09-09,0,PGAS
2524,2020-09-08,0,PGAS
2525,2020-09-07,0,PGAS
2526,2020-09-04,0,PGAS
2527,2020-09-03,1,PGAS
2528,2020-09-02,1,PGAS
2529,2020-09-01,0,PGAS
2530,2020-08-31,1,PGAS
2531,2020-08-28,0,PGAS
2532,2020-08-27,0,PGAS
2533,2020-08-26,1,PGAS
2534,2020-08-25,1,PGAS
2535,2020-08-24,1,PGAS
2536,2020-08-19,1,PGAS
2537,2020-08-18,1,PGAS
2538,2020-08-14,0,PGAS
2539,2020-08-13,1,PGAS
2540,2020-08-12,0,PGAS
2541,2020-08-11,0,PGAS
2542,2020-08-10,0,PGAS
2543,2020-08-07,1,PGAS
2544,2020-08-06,1,PGAS
2545,2020-08-05,1,PGAS
2546,2020-08-04,0,PGAS
2547,2020-08-03,1,PGAS
2548,2020-07-30,1,PGAS
2549,2020-07-29,0,PGAS
2550,2020-07-28,1,PGAS
2551,2020-07-27,0,PGAS
2552,2020-07-24,1,PGAS
2553,2020-07-23,1,PGAS
2554,2020-07-22,1,PGAS
2555,2020-07-21,0,PGAS
2556,2020-07-20,1,PGAS
2557,2020-07-17,0,PGAS
2558,2020-07-16,0,PGAS
2559,2020-07-15,1,PGAS
2560,2020-07-14,1,PGAS
2561,2020-07-13,0,PGAS
2562,2020-07-10,0,PGAS
2563,2020-07-09,1,PGAS
2564,2020-07-08,1,PGAS
2565,2020-07-07,1,PGAS
2566,2020-07-06,0,PGAS
2567,2020-07-03,0,PGAS
2568,2020-07-02,1,PGAS
2569,2020-07-01,0,PGAS
2570,2020-06-30,1,PGAS
2571,2020-06-29,1,PGAS
2572,2020-06-26,1,PGAS
2573,2020-06-25,0,PGAS
2574,2020-06-24,1,PGAS
2575,2020-06-23,0,PGAS
2576,2020-06-22,0,PGAS
2577,2020-06-19,0,PGAS
2578,2020-06-18,0,PGAS
2579,2020-06-17,1,PGAS
2580,2020-06-16,0,PGAS
2581,2020-06-15,1,PGAS
2582,2020-06-12,0,PGAS
2583,2020-06-11,0,PGAS
2584,2020-06-10,0,PGAS
2585,2020-06-09,1,PGAS
2586,2020-06-08,1,PGAS
2587,2020-06-05,0,PGAS
2588,2020-06-04,1,PGAS
2589,2020-06-03,1,PGAS
2590,2020-06-02,1,PGAS
2591,2020-05-29,0,PGAS
2592,2020-05-28,0,PGAS
2593,2020-05-27,1,PGAS
2594,2020-05-26,1,PGAS
2595,2020-05-20,0,PGAS
2596,2020-05-19,1,PGAS
2597,2020-05-18,0,PGAS
2598,2020-05-15,0,PGAS
2599,2020-05-14,1,PGAS
2600,2020-05-13,0,PGAS
2601,2020-05-12,1,PGAS
2602,2020-05-11,1,PGAS
2603,2020-05-08,1,PGAS
2604,2020-05-06,0,PGAS
2605,2020-05-05,0,PGAS
2606,2020-05-04,1,PGAS
2607,2020-04-30,1,PGAS
2608,2020-04-29,1,PGAS
2609,2020-04-28,0,PGAS
2610,2020-04-27,0,PGAS
2611,2020-04-24,1,PGAS
2612,2020-04-23,1,PGAS
2613,2020-04-22,0,PGAS
2614,2020-04-21,0,PGAS
2615,2020-04-20,1,PGAS
2616,2020-04-17,0,PGAS
2617,2020-04-16,0,PGAS
2618,2020-04-15,1,PGAS
2619,2020-04-14,1,PGAS
2620,2020-04-13,0,PGAS
2621,2020-04-09,0,PGAS
2622,2020-04-08,0,PGAS
2623,2020-04-07,1,PGAS
2624,2020-04-06,1,PGAS
2625,2020-04-03,1,PGAS
2626,2020-04-02,0,PGAS
2627,2020-04-01,1,PGAS
2628,2020-03-31,1,PGAS
2629,2020-03-30,1,PGAS
2630,2020-03-27,1,PGAS
2631,2020-03-26,1,PGAS
2632,2020-03-24,0,PGAS
2633,2020-03-23,0,PGAS
2634,2020-03-20,0,PGAS
2635,2020-03-19,0,PGAS
2636,2020-03-18,0,PGAS
2637,2020-03-17,0,PGAS
2638,2020-03-16,0,PGAS
2639,2020-03-13,0,PGAS
2640,2020-03-12,0,PGAS
2641,2021-03-12,0,PTBA
2642,2021-03-10,0,PTBA
2643,2021-03-09,0,PTBA
2644,2021-03-08,1,PTBA
2645,2021-03-05,0,PTBA
2646,2021-03-04,0,PTBA
2647,2021-03-03,1,PTBA
2648,2021-03-02,1,PTBA
2649,2021-03-01,1,PTBA
2650,2021-02-26,0,PTBA
2651,2021-02-25,0,PTBA
2652,2021-02-24,0,PTBA
2653,2021-02-23,1,PTBA
2654,2021-02-22,1,PTBA
2655,2021-02-19,1,PTBA
2656,2021-02-18,0,PTBA
2657,2021-02-17,1,PTBA
2658,2021-02-16,0,PTBA
2659,2021-02-15,1,PTBA
2660,2021-02-11,0,PTBA
2661,2021-02-10,0,PTBA
2662,2021-02-09,1,PTBA
2663,2021-02-08,1,PTBA
2664,2021-02-05,1,PTBA
2665,2021-02-04,0,PTBA
2666,2021-02-03,0,PTBA
2667,2021-02-02,1,PTBA
2668,2021-02-01,0,PTBA
2669,2021-01-29,0,PTBA
2670,2021-01-28,0,PTBA
2671,2021-01-27,1,PTBA
2672,2021-01-26,0,PTBA
2673,2021-01-25,0,PTBA
2674,2021-01-22,0,PTBA
2675,2021-01-21,1,PTBA
2676,2021-01-20,0,PTBA
2677,2021-01-19,1,PTBA
2678,2021-01-18,0,PTBA
2679,2021-01-15,0,PTBA
2680,2021-01-14,1,PTBA
2681,2021-01-13,1,PTBA
2682,2021-01-12,0,PTBA
2683,2021-01-11,1,PTBA
2684,2021-01-08,1,PTBA
2685,2021-01-07,0,PTBA
2686,2021-01-06,0,PTBA
2687,2021-01-05,0,PTBA
2688,2021-01-04,0,PTBA
2689,2020-12-30,0,PTBA
2690,2020-12-29,0,PTBA
2691,2020-12-28,1,PTBA
2692,2020-12-23,0,PTBA
2693,2020-12-22,1,PTBA
2694,2020-12-21,0,PTBA
2695,2020-12-18,0,PTBA
2696,2020-12-17,1,PTBA
2697,2020-12-16,1,PTBA
2698,2020-12-15,1,PTBA
2699,2020-12-14,1,PTBA
2700,2020-12-11,0,PTBA
2701,2020-12-10,1,PTBA
2702,2020-12-08,1,PTBA
2703,2020-12-07,1,PTBA
2704,2020-12-04,0,PTBA
2705,2020-12-03,1,PTBA
2706,2020-12-02,1,PTBA
2707,2020-12-01,0,PTBA
2708,2020-11-30,1,PTBA
2709,2020-11-27,1,PTBA
2710,2020-11-26,0,PTBA
2711,2020-11-25,1,PTBA
2712,2020-11-24,1,PTBA
2713,2020-11-23,0,PTBA
2714,2020-11-20,1,PTBA
2715,2020-11-19,0,PTBA
2716,2020-11-18,0,PTBA
2717,2020-11-17,1,PTBA
2718,2020-11-16,1,PTBA
2719,2020-11-13,0,PTBA
2720,2020-11-12,1,PTBA
2721,2020-11-11,0,PTBA
2722,2020-11-10,1,PTBA
2723,2020-11-09,1,PTBA
2724,2020-11-06,1,PTBA
2725,2020-11-05,0,PTBA
2726,2020-11-04,1,PTBA
2727,2020-11-03,0,PTBA
2728,2020-11-02,0,PTBA
2729,2020-10-27,1,PTBA
2730,2020-10-26,0,PTBA
2731,2020-10-23,0,PTBA
2732,2020-10-22,0,PTBA
2733,2020-10-21,0,PTBA
2734,2020-10-20,0,PTBA
2735,2020-10-19,1,PTBA
2736,2020-10-16,0,PTBA
2737,2020-10-15,1,PTBA
2738,2020-10-14,0,PTBA
2739,2020-10-13,1,PTBA
2740,2020-10-12,0,PTBA
2741,2020-10-09,1,PTBA
2742,2020-10-08,1,PTBA
2743,2020-10-07,1,PTBA
2744,2020-10-06,0,PTBA
2745,2020-10-05,0,PTBA
2746,2020-10-02,1,PTBA
2747,2020-10-01,0,PTBA
2748,2020-09-30,0,PTBA
2749,2020-09-29,0,PTBA
2750,2020-09-28,1,PTBA
2751,2020-09-25,0,PTBA
2752,2020-09-24,0,PTBA
2753,2020-09-23,1,PTBA
2754,2020-09-22,0,PTBA
2755,2020-09-21,0,PTBA
2756,2020-09-18,0,PTBA
2757,2020-09-17,0,PTBA
2758,2020-09-16,0,PTBA
2759,2020-09-15,1,PTBA
2760,2020-09-14,1,PTBA
2761,2020-09-11,0,PTBA
2762,2020-09-10,0,PTBA
2763,2020-09-09,0,PTBA
2764,2020-09-08,1,PTBA
2765,2020-09-07,0,PTBA
2766,2020-09-04,0,PTBA
2767,2020-09-03,1,PTBA
2768,2020-09-02,1,PTBA
2769,2020-09-01,0,PTBA
2770,2020-08-31,1,PTBA
2771,2020-08-28,0,PTBA
2772,2020-08-27,1,PTBA
2773,2020-08-26,1,PTBA
2774,2020-08-25,1,PTBA
2775,2020-08-24,1,PTBA
2776,2020-08-19,1,PTBA
2777,2020-08-18,0,PTBA
2778,2020-08-14,1,PTBA
2779,2020-08-13,0,PTBA
2780,2020-08-12,0,PTBA
2781,2020-08-11,1,PTBA
2782,2020-08-10,0,PTBA
2783,2020-08-07,1,PTBA
2784,2020-08-06,1,PTBA
2785,2020-08-05,1,PTBA
2786,2020-08-04,0,PTBA
2787,2020-08-03,0,PTBA
2788,2020-07-30,0,PTBA
2789,2020-07-29,0,PTBA
2790,2020-07-28,1,PTBA
2791,2020-07-27,0,PTBA
2792,2020-07-24,0,PTBA
2793,2020-07-23,0,PTBA
2794,2020-07-22,1,PTBA
2795,2020-07-21,0,PTBA
2796,2020-07-20,1,PTBA
2797,2020-07-17,0,PTBA
2798,2020-07-16,0,PTBA
2799,2020-07-15,1,PTBA
2800,2020-07-14,1,PTBA
2801,2020-07-13,0,PTBA
2802,2020-07-10,1,PTBA
2803,2020-07-09,1,PTBA
2804,2020-07-08,0,PTBA
2805,2020-07-07,1,PTBA
2806,2020-07-06,0,PTBA
2807,2020-07-03,0,PTBA
2808,2020-07-02,1,PTBA
2809,2020-07-01,0,PTBA
2810,2020-06-30,0,PTBA
2811,2020-06-29,0,PTBA
2812,2020-06-26,1,PTBA
2813,2020-06-25,0,PTBA
2814,2020-06-24,1,PTBA
2815,2020-06-23,0,PTBA
2816,2020-06-22,0,PTBA
2817,2020-06-19,0,PTBA
2818,2020-06-18,1,PTBA
2819,2020-06-17,1,PTBA
2820,2020-06-16,1,PTBA
2821,2020-06-15,1,PTBA
2822,2020-06-12,0,PTBA
2823,2020-06-11,0,PTBA
2824,2020-06-10,1,PTBA
2825,2020-06-09,1,PTBA
2826,2020-06-08,1,PTBA
2827,2020-06-05,1,PTBA
2828,2020-06-04,1,PTBA
2829,2020-06-03,1,PTBA
2830,2020-06-02,0,PTBA
2831,2020-05-29,0,PTBA
2832,2020-05-28,1,PTBA
2833,2020-05-27,1,PTBA
2834,2020-05-26,1,PTBA
2835,2020-05-20,0,PTBA
2836,2020-05-19,1,PTBA
2837,2020-05-18,0,PTBA
2838,2020-05-15,1,PTBA
2839,2020-05-14,0,PTBA
2840,2020-05-13,0,PTBA
2841,2020-05-12,1,PTBA
2842,2020-05-11,1,PTBA
2843,2020-05-08,1,PTBA
2844,2020-05-06,0,PTBA
2845,2020-05-05,0,PTBA
2846,2020-05-04,1,PTBA
2847,2020-04-30,1,PTBA
2848,2020-04-29,0,PTBA
2849,2020-04-28,0,PTBA
2850,2020-04-27,0,PTBA
2851,2020-04-24,0,PTBA
2852,2020-04-23,1,PTBA
2853,2020-04-22,0,PTBA
2854,2020-04-21,0,PTBA
2855,2020-04-20,1,PTBA
2856,2020-04-17,0,PTBA
2857,2020-04-16,0,PTBA
2858,2020-04-15,1,PTBA
2859,2020-04-14,1,PTBA
2860,2020-04-13,0,PTBA
2861,2020-04-09,0,PTBA
2862,2020-04-08,0,PTBA
2863,2020-04-07,1,PTBA
2864,2020-04-06,1,PTBA
2865,2020-04-03,0,PTBA
2866,2020-04-02,0,PTBA
2867,2020-04-01,1,PTBA
2868,2020-03-31,0,PTBA
2869,2020-03-30,0,PTBA
2870,2020-03-27,1,PTBA
2871,2020-03-26,1,PTBA
2872,2020-03-24,0,PTBA
2873,2020-03-23,1,PTBA
2874,2020-03-20,0,PTBA
2875,2020-03-19,0,PTBA
2876,2020-03-18,0,PTBA
2877,2020-03-17,0,PTBA
2878,2020-03-16,0,PTBA
2879,2020-03-13,0,PTBA
2880,2020-03-12,0,PTBA
2881,2021-03-12,1,SMGR
2882,2021-03-10,0,SMGR
2883,2021-03-09,0,SMGR
2884,2021-03-08,1,SMGR
2885,2021-03-05,0,SMGR
2886,2021-03-04,0,SMGR
2887,2021-03-03,1,SMGR
2888,2021-03-02,1,SMGR
2889,2021-03-01,1,SMGR
2890,2021-02-26,0,SMGR
2891,2021-02-25,0,SMGR
2892,2021-02-24,0,SMGR
2893,2021-02-23,0,SMGR
2894,2021-02-22,1,SMGR
2895,2021-02-19,0,SMGR
2896,2021-02-18,1,SMGR
2897,2021-02-17,0,SMGR
2898,2021-02-16,1,SMGR
2899,2021-02-15,1,SMGR
2900,2021-02-11,1,SMGR
2901,2021-02-10,0,SMGR
2902,2021-02-09,0,SMGR
2903,2021-02-08,1,SMGR
2904,2021-02-05,0,SMGR
2905,2021-02-04,0,SMGR
2906,2021-02-03,0,SMGR
2907,2021-02-02,1,SMGR
2908,2021-02-01,0,SMGR
2909,2021-01-29,0,SMGR
2910,2021-01-28,0,SMGR
2911,2021-01-27,1,SMGR
2912,2021-01-26,0,SMGR
2913,2021-01-25,0,SMGR
2914,2021-01-22,0,SMGR
2915,2021-01-21,1,SMGR
2916,2021-01-20,0,SMGR
2917,2021-01-19,1,SMGR
2918,2021-01-18,1,SMGR
2919,2021-01-15,0,SMGR
2920,2021-01-14,0,SMGR
2921,2021-01-13,0,SMGR
2922,2021-01-12,0,SMGR
2923,2021-01-11,0,SMGR
2924,2021-01-08,1,SMGR
2925,2021-01-07,0,SMGR
2926,2021-01-06,0,SMGR
2927,2021-01-05,1,SMGR
2928,2021-01-04,0,SMGR
2929,2020-12-30,0,SMGR
2930,2020-12-29,1,SMGR
2931,2020-12-28,0,SMGR
2932,2020-12-23,1,SMGR
2933,2020-12-22,0,SMGR
2934,2020-12-21,0,SMGR
2935,2020-12-18,1,SMGR
2936,2020-12-17,1,SMGR
2937,2020-12-16,1,SMGR
2938,2020-12-15,1,SMGR
2939,2020-12-14,0,SMGR
2940,2020-12-11,1,SMGR
2941,2020-12-10,0,SMGR
2942,2020-12-08,0,SMGR
2943,2020-12-07,0,SMGR
2944,2020-12-04,1,SMGR
2945,2020-12-03,0,SMGR
2946,2020-12-02,1,SMGR
2947,2020-12-01,0,SMGR
2948,2020-11-30,0,SMGR
2949,2020-11-27,0,SMGR
2950,2020-11-26,1,SMGR
2951,2020-11-25,0,SMGR
2952,2020-11-24,1,SMGR
2953,2020-11-23,1,SMGR
2954,2020-11-20,1,SMGR
2955,2020-11-19,0,SMGR
2956,2020-11-18,1,SMGR
2957,2020-11-17,0,SMGR
2958,2020-11-16,0,SMGR
2959,2020-11-13,1,SMGR
2960,2020-11-12,1,SMGR
2961,2020-11-11,1,SMGR
2962,2020-11-10,0,SMGR
2963,2020-11-09,1,SMGR
2964,2020-11-06,1,SMGR
2965,2020-11-05,1,SMGR
2966,2020-11-04,0,SMGR
2967,2020-11-03,0,SMGR
2968,2020-11-02,0,SMGR
2969,2020-10-27,1,SMGR
2970,2020-10-26,1,SMGR
2971,2020-10-23,0,SMGR
2972,2020-10-22,0,SMGR
2973,2020-10-21,1,SMGR
2974,2020-10-20,0,SMGR
2975,2020-10-19,1,SMGR
2976,2020-10-16,0,SMGR
2977,2020-10-15,0,SMGR
2978,2020-10-14,0,SMGR
2979,2020-10-13,1,SMGR
2980,2020-10-12,0,SMGR
2981,2020-10-09,1,SMGR
2982,2020-10-08,1,SMGR
2983,2020-10-07,0,SMGR
2984,2020-10-06,1,SMGR
2985,2020-10-05,0,SMGR
2986,2020-10-02,1,SMGR
2987,2020-10-01,1,SMGR
2988,2020-09-30,1,SMGR
2989,2020-09-29,1,SMGR
2990,2020-09-28,1,SMGR
2991,2020-09-25,1,SMGR
2992,2020-09-24,0,SMGR
2993,2020-09-23,1,SMGR
2994,2020-09-22,0,SMGR
2995,2020-09-21,1,SMGR
2996,2020-09-18,0,SMGR
2997,2020-09-17,0,SMGR
2998,2020-09-16,0,SMGR
2999,2020-09-15,1,SMGR
3000,2020-09-14,1,SMGR
3001,2020-09-11,0,SMGR
3002,2020-09-10,0,SMGR
3003,2020-09-09,0,SMGR
3004,2020-09-08,1,SMGR
3005,2020-09-07,0,SMGR
3006,2020-09-04,0,SMGR
3007,2020-09-03,0,SMGR
3008,2020-09-02,1,SMGR
3009,2020-09-01,0,SMGR
3010,2020-08-31,0,SMGR
3011,2020-08-28,1,SMGR
3012,2020-08-27,1,SMGR
3013,2020-08-26,1,SMGR
3014,2020-08-25,1,SMGR
3015,2020-08-24,0,SMGR
3016,2020-08-19,1,SMGR
3017,2020-08-18,0,SMGR
3018,2020-08-14,0,SMGR
3019,2020-08-13,1,SMGR
3020,2020-08-12,0,SMGR
3021,2020-08-11,0,SMGR
3022,2020-08-10,1,SMGR
3023,2020-08-07,1,SMGR
3024,2020-08-06,1,SMGR
3025,2020-08-05,1,SMGR
3026,2020-08-04,0,SMGR
3027,2020-08-03,0,SMGR
3028,2020-07-30,0,SMGR
3029,2020-07-29,1,SMGR
3030,2020-07-28,1,SMGR
3031,2020-07-27,0,SMGR
3032,2020-07-24,0,SMGR
3033,2020-07-23,0,SMGR
3034,2020-07-22,1,SMGR
3035,2020-07-21,1,SMGR
3036,2020-07-20,1,SMGR
3037,2020-07-17,0,SMGR
3038,2020-07-16,0,SMGR
3039,2020-07-15,1,SMGR
3040,2020-07-14,0,SMGR
3041,2020-07-13,0,SMGR
3042,2020-07-10,0,SMGR
3043,2020-07-09,1,SMGR
3044,2020-07-08,0,SMGR
3045,2020-07-07,1,SMGR
3046,2020-07-06,1,SMGR
3047,2020-07-03,0,SMGR
3048,2020-07-02,0,SMGR
3049,2020-07-01,1,SMGR
3050,2020-06-30,0,SMGR
3051,2020-06-29,0,SMGR
3052,2020-06-26,1,SMGR
3053,2020-06-25,0,SMGR
3054,2020-06-24,1,SMGR
3055,2020-06-23,0,SMGR
3056,2020-06-22,1,SMGR
3057,2020-06-19,0,SMGR
3058,2020-06-18,0,SMGR
3059,2020-06-17,1,SMGR
3060,2020-06-16,1,SMGR
3061,2020-06-15,1,SMGR
3062,2020-06-12,1,SMGR
3063,2020-06-11,0,SMGR
3064,2020-06-10,0,SMGR
3065,2020-06-09,1,SMGR
3066,2020-06-08,0,SMGR
3067,2020-06-05,0,SMGR
3068,2020-06-04,1,SMGR
3069,2020-06-03,0,SMGR
3070,2020-06-02,1,SMGR
3071,2020-05-29,1,SMGR
3072,2020-05-28,1,SMGR
3073,2020-05-27,1,SMGR
3074,2020-05-26,0,SMGR
3075,2020-05-20,0,SMGR
3076,2020-05-19,1,SMGR
3077,2020-05-18,0,SMGR
3078,2020-05-15,1,SMGR
3079,2020-05-14,1,SMGR
3080,2020-05-13,0,SMGR
3081,2020-05-12,1,SMGR
3082,2020-05-11,1,SMGR
3083,2020-05-08,0,SMGR
3084,2020-05-06,0,SMGR
3085,2020-05-05,0,SMGR
3086,2020-05-04,1,SMGR
3087,2020-04-30,1,SMGR
3088,2020-04-29,0,SMGR
3089,2020-04-28,1,SMGR
3090,2020-04-27,0,SMGR
3091,2020-04-24,0,SMGR
3092,2020-04-23,1,SMGR
3093,2020-04-22,0,SMGR
3094,2020-04-21,0,SMGR
3095,2020-04-20,0,SMGR
3096,2020-04-17,0,SMGR
3097,2020-04-16,0,SMGR
3098,2020-04-15,0,SMGR
3099,2020-04-14,0,SMGR
3100,2020-04-13,1,SMGR
3101,2020-04-09,0,SMGR
3102,2020-04-08,0,SMGR
3103,2020-04-07,1,SMGR
3104,2020-04-06,1,SMGR
3105,2020-04-03,0,SMGR
3106,2020-04-02,0,SMGR
3107,2020-04-01,1,SMGR
3108,2020-03-31,0,SMGR
3109,2020-03-30,1,SMGR
3110,2020-03-27,1,SMGR
3111,2020-03-26,0,SMGR
3112,2020-03-24,0,SMGR
3113,2020-03-23,1,SMGR
3114,2020-03-20,0,SMGR
3115,2020-03-19,0,SMGR
3116,2020-03-18,0,SMGR
3117,2020-03-17,0,SMGR
3118,2020-03-16,0,SMGR
3119,2020-03-13,0,SMGR
3120,2020-03-12,0,SMGR
3121,2021-03-12,1,TBIG
3122,2021-03-10,0,TBIG
3123,2021-03-09,0,TBIG
3124,2021-03-08,0,TBIG
3125,2021-03-05,0,TBIG
3126,2021-03-04,0,TBIG
3127,2021-03-03,0,TBIG
3128,2021-03-02,1,TBIG
3129,2021-03-01,1,TBIG
3130,2021-02-26,0,TBIG
3131,2021-02-25,0,TBIG
3132,2021-02-24,1,TBIG
3133,2021-02-23,0,TBIG
3134,2021-02-22,1,TBIG
3135,2021-02-19,0,TBIG
3136,2021-02-18,0,TBIG
3137,2021-02-17,1,TBIG
3138,2021-02-16,1,TBIG
3139,2021-02-15,0,TBIG
3140,2021-02-11,1,TBIG
3141,2021-02-10,0,TBIG
3142,2021-02-09,1,TBIG
3143,2021-02-08,0,TBIG
3144,2021-02-05,1,TBIG
3145,2021-02-04,0,TBIG
3146,2021-02-03,0,TBIG
3147,2021-02-02,1,TBIG
3148,2021-02-01,1,TBIG
3149,2021-01-29,0,TBIG
3150,2021-01-28,1,TBIG
3151,2021-01-27,1,TBIG
3152,2021-01-26,0,TBIG
3153,2021-01-25,0,TBIG
3154,2021-01-22,1,TBIG
3155,2021-01-21,1,TBIG
3156,2021-01-20,0,TBIG
3157,2021-01-19,1,TBIG
3158,2021-01-18,1,TBIG
3159,2021-01-15,0,TBIG
3160,2021-01-14,1,TBIG
3161,2021-01-13,1,TBIG
3162,2021-01-12,0,TBIG
3163,2021-01-11,0,TBIG
3164,2021-01-08,0,TBIG
3165,2021-01-07,0,TBIG
3166,2021-01-06,0,TBIG
3167,2021-01-05,1,TBIG
3168,2021-01-04,1,TBIG
3169,2020-12-30,0,TBIG
3170,2020-12-29,0,TBIG
3171,2020-12-28,1,TBIG
3172,2020-12-23,1,TBIG
3173,2020-12-22,1,TBIG
3174,2020-12-21,0,TBIG
3175,2020-12-18,0,TBIG
3176,2020-12-17,1,TBIG
3177,2020-12-16,0,TBIG
3178,2020-12-15,0,TBIG
3179,2020-12-14,0,TBIG
3180,2020-12-11,1,TBIG
3181,2020-12-10,0,TBIG
3182,2020-12-08,0,TBIG
3183,2020-12-07,1,TBIG
3184,2020-12-04,1,TBIG
3185,2020-12-03,0,TBIG
3186,2020-12-02,1,TBIG
3187,2020-12-01,0,TBIG
3188,2020-11-30,1,TBIG
3189,2020-11-27,1,TBIG
3190,2020-11-26,0,TBIG
3191,2020-11-25,1,TBIG
3192,2020-11-24,1,TBIG
3193,2020-11-23,0,TBIG
3194,2020-11-20,1,TBIG
3195,2020-11-19,0,TBIG
3196,2020-11-18,1,TBIG
3197,2020-11-17,0,TBIG
3198,2020-11-16,0,TBIG
3199,2020-11-13,1,TBIG
3200,2020-11-12,0,TBIG
3201,2020-11-11,0,TBIG
3202,2020-11-10,0,TBIG
3203,2020-11-09,1,TBIG
3204,2020-11-06,1,TBIG
3205,2020-11-05,0,TBIG
3206,2020-11-04,0,TBIG
3207,2020-11-03,1,TBIG
3208,2020-11-02,0,TBIG
3209,2020-10-27,1,TBIG
3210,2020-10-26,1,TBIG
3211,2020-10-23,1,TBIG
3212,2020-10-22,0,TBIG
3213,2020-10-21,1,TBIG
3214,2020-10-20,0,TBIG
3215,2020-10-19,1,TBIG
3216,2020-10-16,1,TBIG
3217,2020-10-15,1,TBIG
3218,2020-10-14,0,TBIG
3219,2020-10-13,1,TBIG
3220,2020-10-12,0,TBIG
3221,2020-10-09,1,TBIG
3222,2020-10-08,0,TBIG
3223,2020-10-07,1,TBIG
3224,2020-10-06,0,TBIG
3225,2020-10-05,0,TBIG
3226,2020-10-02,1,TBIG
3227,2020-10-01,1,TBIG
3228,2020-09-30,0,TBIG
3229,2020-09-29,0,TBIG
3230,2020-09-28,1,TBIG
3231,2020-09-25,0,TBIG
3232,2020-09-24,1,TBIG
3233,2020-09-23,1,TBIG
3234,2020-09-22,1,TBIG
3235,2020-09-21,1,TBIG
3236,2020-09-18,1,TBIG
3237,2020-09-17,0,TBIG
3238,2020-09-16,0,TBIG
3239,2020-09-15,1,TBIG
3240,2020-09-14,1,TBIG
3241,2020-09-11,1,TBIG
3242,2020-09-10,0,TBIG
3243,2020-09-09,0,TBIG
3244,2020-09-08,0,TBIG
3245,2020-09-07,1,TBIG
3246,2020-09-04,0,TBIG
3247,2020-09-03,0,TBIG
3248,2020-09-02,0,TBIG
3249,2020-09-01,1,TBIG
3250,2020-08-31,0,TBIG
3251,2020-08-28,1,TBIG
3252,2020-08-27,0,TBIG
3253,2020-08-26,1,TBIG
3254,2020-08-25,0,TBIG
3255,2020-08-24,0,TBIG
3256,2020-08-19,0,TBIG
3257,2020-08-18,1,TBIG
3258,2020-08-14,0,TBIG
3259,2020-08-13,1,TBIG
3260,2020-08-12,1,TBIG
3261,2020-08-11,1,TBIG
3262,2020-08-10,0,TBIG
3263,2020-08-07,1,TBIG
3264,2020-08-06,0,TBIG
3265,2020-08-05,1,TBIG
3266,2020-08-04,0,TBIG
3267,2020-08-03,0,TBIG
3268,2020-07-30,1,TBIG
3269,2020-07-29,1,TBIG
3270,2020-07-28,1,TBIG
3271,2020-07-27,0,TBIG
3272,2020-07-24,0,TBIG
3273,2020-07-23,1,TBIG
3274,2020-07-22,1,TBIG
3275,2020-07-21,0,TBIG
3276,2020-07-20,1,TBIG
3277,2020-07-17,0,TBIG
3278,2020-07-16,0,TBIG
3279,2020-07-15,1,TBIG
3280,2020-07-14,0,TBIG
3281,2020-07-13,1,TBIG
3282,2020-07-10,0,TBIG
3283,2020-07-09,1,TBIG
3284,2020-07-08,0,TBIG
3285,2020-07-07,0,TBIG
3286,2020-07-06,1,TBIG
3287,2020-07-03,0,TBIG
3288,2020-07-02,0,TBIG
3289,2020-07-01,0,TBIG
3290,2020-06-30,0,TBIG
3291,2020-06-29,0,TBIG
3292,2020-06-26,0,TBIG
3293,2020-06-25,0,TBIG
3294,2020-06-24,1,TBIG
3295,2020-06-23,0,TBIG
3296,2020-06-22,0,TBIG
3297,2020-06-19,1,TBIG
3298,2020-06-18,0,TBIG
3299,2020-06-17,1,TBIG
3300,2020-06-16,0,TBIG
3301,2020-06-15,1,TBIG
3302,2020-06-12,0,TBIG
3303,2020-06-11,1,TBIG
3304,2020-06-10,0,TBIG
3305,2020-06-09,0,TBIG
3306,2020-06-08,0,TBIG
3307,2020-06-05,1,TBIG
3308,2020-06-04,1,TBIG
3309,2020-06-03,0,TBIG
3310,2020-06-02,0,TBIG
3311,2020-05-29,0,TBIG
3312,2020-05-28,1,TBIG
3313,2020-05-27,1,TBIG
3314,2020-05-26,0,TBIG
3315,2020-05-20,0,TBIG
3316,2020-05-19,0,TBIG
3317,2020-05-18,1,TBIG
3318,2020-05-15,1,TBIG
3319,2020-05-14,0,TBIG
3320,2020-05-13,0,TBIG
3321,2020-05-12,0,TBIG
3322,2020-05-11,1,TBIG
3323,2020-05-08,0,TBIG
3324,2020-05-06,0,TBIG
3325,2020-05-05,0,TBIG
3326,2020-05-04,1,TBIG
3327,2020-04-30,0,TBIG
3328,2020-04-29,1,TBIG
3329,2020-04-28,0,TBIG
3330,2020-04-27,1,TBIG
3331,2020-04-24,0,TBIG
3332,2020-04-23,1,TBIG
3333,2020-04-22,1,TBIG
3334,2020-04-21,0,TBIG
3335,2020-04-20,1,TBIG
3336,2020-04-17,1,TBIG
3337,2020-04-16,1,TBIG
3338,2020-04-15,1,TBIG
3339,2020-04-14,0,TBIG
3340,2020-04-13,1,TBIG
3341,2020-04-09,0,TBIG
3342,2020-04-08,0,TBIG
3343,2020-04-07,1,TBIG
3344,2020-04-06,1,TBIG
3345,2020-04-03,0,TBIG
3346,2020-04-02,0,TBIG
3347,2020-04-01,1,TBIG
3348,2020-03-31,0,TBIG
3349,2020-03-30,0,TBIG
3350,2020-03-27,1,TBIG
3351,2020-03-26,0,TBIG
3352,2020-03-24,0,TBIG
3353,2020-03-23,1,TBIG
3354,2020-03-20,0,TBIG
3355,2020-03-19,0,TBIG
3356,2020-03-18,0,TBIG
3357,2020-03-17,0,TBIG
3358,2020-03-16,1,TBIG
3359,2020-03-13,0,TBIG
3360,2020-03-12,0,TBIG
3361,2021-03-12,0,TKIM
3362,2021-03-10,0,TKIM
3363,2021-03-09,1,TKIM
3364,2021-03-08,0,TKIM
3365,2021-03-05,0,TKIM
3366,2021-03-04,0,TKIM
3367,2021-03-03,0,TKIM
3368,2021-03-02,0,TKIM
3369,2021-03-01,0,TKIM
3370,2021-02-26,0,TKIM
3371,2021-02-25,0,TKIM
3372,2021-02-24,1,TKIM
3373,2021-02-23,1,TKIM
3374,2021-02-22,0,TKIM
3375,2021-02-19,0,TKIM
3376,2021-02-18,0,TKIM
3377,2021-02-17,0,TKIM
3378,2021-02-16,1,TKIM
3379,2021-02-15,0,TKIM
3380,2021-02-11,1,TKIM
3381,2021-02-10,0,TKIM
3382,2021-02-09,1,TKIM
3383,2021-02-08,0,TKIM
3384,2021-02-05,1,TKIM
3385,2021-02-04,0,TKIM
3386,2021-02-03,0,TKIM
3387,2021-02-02,1,TKIM
3388,2021-02-01,1,TKIM
3389,2021-01-29,0,TKIM
3390,2021-01-28,1,TKIM
3391,2021-01-27,0,TKIM
3392,2021-01-26,1,TKIM
3393,2021-01-25,0,TKIM
3394,2021-01-22,0,TKIM
3395,2021-01-21,1,TKIM
3396,2021-01-20,0,TKIM
3397,2021-01-19,0,TKIM
3398,2021-01-18,0,TKIM
3399,2021-01-15,1,TKIM
3400,2021-01-14,1,TKIM
3401,2021-01-13,1,TKIM
3402,2021-01-12,0,TKIM
3403,2021-01-11,1,TKIM
3404,2021-01-08,1,TKIM
3405,2021-01-07,0,TKIM
3406,2021-01-06,1,TKIM
3407,2021-01-05,1,TKIM
3408,2021-01-04,0,TKIM
3409,2020-12-30,0,TKIM
3410,2020-12-29,1,TKIM
3411,2020-12-28,1,TKIM
3412,2020-12-23,0,TKIM
3413,2020-12-22,0,TKIM
3414,2020-12-21,0,TKIM
3415,2020-12-18,0,TKIM
3416,2020-12-17,0,TKIM
3417,2020-12-16,1,TKIM
3418,2020-12-15,1,TKIM
3419,2020-12-14,0,TKIM
3420,2020-12-11,1,TKIM
3421,2020-12-10,1,TKIM
3422,2020-12-08,1,TKIM
3423,2020-12-07,1,TKIM
3424,2020-12-04,0,TKIM
3425,2020-12-03,1,TKIM
3426,2020-12-02,1,TKIM
3427,2020-12-01,0,TKIM
3428,2020-11-30,1,TKIM
3429,2020-11-27,1,TKIM
3430,2020-11-26,0,TKIM
3431,2020-11-25,1,TKIM
3432,2020-11-24,1,TKIM
3433,2020-11-23,0,TKIM
3434,2020-11-20,0,TKIM
3435,2020-11-19,0,TKIM
3436,2020-11-18,0,TKIM
3437,2020-11-17,1,TKIM
3438,2020-11-16,1,TKIM
3439,2020-11-13,0,TKIM
3440,2020-11-12,1,TKIM
3441,2020-11-11,0,TKIM
3442,2020-11-10,1,TKIM
3443,2020-11-09,1,TKIM
3444,2020-11-06,1,TKIM
3445,2020-11-05,0,TKIM
3446,2020-11-04,1,TKIM
3447,2020-11-03,1,TKIM
3448,2020-11-02,0,TKIM
3449,2020-10-27,0,TKIM
3450,2020-10-26,0,TKIM
3451,2020-10-23,0,TKIM
3452,2020-10-22,1,TKIM
3453,2020-10-21,0,TKIM
3454,2020-10-20,0,TKIM
3455,2020-10-19,0,TKIM
3456,2020-10-16,0,TKIM
3457,2020-10-15,1,TKIM
3458,2020-10-14,0,TKIM
3459,2020-10-13,1,TKIM
3460,2020-10-12,1,TKIM
3461,2020-10-09,0,TKIM
3462,2020-10-08,0,TKIM
3463,2020-10-07,0,TKIM
3464,2020-10-06,1,TKIM
3465,2020-10-05,0,TKIM
3466,2020-10-02,1,TKIM
3467,2020-10-01,1,TKIM
3468,2020-09-30,0,TKIM
3469,2020-09-29,0,TKIM
3470,2020-09-28,1,TKIM
3471,2020-09-25,0,TKIM
3472,2020-09-24,1,TKIM
3473,2020-09-23,1,TKIM
3474,2020-09-22,0,TKIM
3475,2020-09-21,1,TKIM
3476,2020-09-18,0,TKIM
3477,2020-09-17,1,TKIM
3478,2020-09-16,0,TKIM
3479,2020-09-15,1,TKIM
3480,2020-09-14,1,TKIM
3481,2020-09-11,0,TKIM
3482,2020-09-10,0,TKIM
3483,2020-09-09,1,TKIM
3484,2020-09-08,0,TKIM
3485,2020-09-07,1,TKIM
3486,2020-09-04,0,TKIM
3487,2020-09-03,0,TKIM
3488,2020-09-02,0,TKIM
3489,2020-09-01,0,TKIM
3490,2020-08-31,1,TKIM
3491,2020-08-28,0,TKIM
3492,2020-08-27,0,TKIM
3493,2020-08-26,0,TKIM
3494,2020-08-25,0,TKIM
3495,2020-08-24,1,TKIM
3496,2020-08-19,1,TKIM
3497,2020-08-18,0,TKIM
3498,2020-08-14,1,TKIM
3499,2020-08-13,0,TKIM
3500,2020-08-12,0,TKIM
3501,2020-08-11,1,TKIM
3502,2020-08-10,0,TKIM
3503,2020-08-07,1,TKIM
3504,2020-08-06,0,TKIM
3505,2020-08-05,1,TKIM
3506,2020-08-04,0,TKIM
3507,2020-08-03,0,TKIM
3508,2020-07-30,1,TKIM
3509,2020-07-29,0,TKIM
3510,2020-07-28,0,TKIM
3511,2020-07-27,0,TKIM
3512,2020-07-24,0,TKIM
3513,2020-07-23,0,TKIM
3514,2020-07-22,1,TKIM
3515,2020-07-21,0,TKIM
3516,2020-07-20,1,TKIM
3517,2020-07-17,0,TKIM
3518,2020-07-16,1,TKIM
3519,2020-07-15,0,TKIM
3520,2020-07-14,0,TKIM
3521,2020-07-13,1,TKIM
3522,2020-07-10,0,TKIM
3523,2020-07-09,1,TKIM
3524,2020-07-08,1,TKIM
3525,2020-07-07,1,TKIM
3526,2020-07-06,0,TKIM
3527,2020-07-03,1,TKIM
3528,2020-07-02,1,TKIM
3529,2020-07-01,1,TKIM
3530,2020-06-30,1,TKIM
3531,2020-06-29,0,TKIM
3532,2020-06-26,1,TKIM
3533,2020-06-25,0,TKIM
3534,2020-06-24,0,TKIM
3535,2020-06-23,0,TKIM
3536,2020-06-22,0,TKIM
3537,2020-06-19,1,TKIM
3538,2020-06-18,0,TKIM
3539,2020-06-17,1,TKIM
3540,2020-06-16,0,TKIM
3541,2020-06-15,1,TKIM
3542,2020-06-12,0,TKIM
3543,2020-06-11,0,TKIM
3544,2020-06-10,0,TKIM
3545,2020-06-09,0,TKIM
3546,2020-06-08,1,TKIM
3547,2020-06-05,0,TKIM
3548,2020-06-04,1,TKIM
3549,2020-06-03,1,TKIM
3550,2020-06-02,0,TKIM
3551,2020-05-29,0,TKIM
3552,2020-05-28,0,TKIM
3553,2020-05-27,1,TKIM
3554,2020-05-26,0,TKIM
3555,2020-05-20,0,TKIM
3556,2020-05-19,0,TKIM
3557,2020-05-18,0,TKIM
3558,2020-05-15,0,TKIM
3559,2020-05-14,0,TKIM
3560,2020-05-13,0,TKIM
3561,2020-05-12,0,TKIM
3562,2020-05-11,0,TKIM
3563,2020-05-08,1,TKIM
3564,2020-05-06,0,TKIM
3565,2020-05-05,0,TKIM
3566,2020-05-04,0,TKIM
3567,2020-04-30,1,TKIM
3568,2020-04-29,0,TKIM
3569,2020-04-28,1,TKIM
3570,2020-04-27,0,TKIM
3571,2020-04-24,0,TKIM
3572,2020-04-23,1,TKIM
3573,2020-04-22,0,TKIM
3574,2020-04-21,0,TKIM
3575,2020-04-20,1,TKIM
3576,2020-04-17,1,TKIM
3577,2020-04-16,0,TKIM
3578,2020-04-15,1,TKIM
3579,2020-04-14,1,TKIM
3580,2020-04-13,1,TKIM
3581,2020-04-09,0,TKIM
3582,2020-04-08,0,TKIM
3583,2020-04-07,1,TKIM
3584,2020-04-06,1,TKIM
3585,2020-04-03,1,TKIM
3586,2020-04-02,0,TKIM
3587,2020-04-01,0,TKIM
3588,2020-03-31,0,TKIM
3589,2020-03-30,0,TKIM
3590,2020-03-27,1,TKIM
3591,2020-03-26,0,TKIM
3592,2020-03-24,0,TKIM
3593,2020-03-23,0,TKIM
3594,2020-03-20,0,TKIM
3595,2020-03-19,0,TKIM
3596,2020-03-18,0,TKIM
3597,2020-03-17,0,TKIM
3598,2020-03-16,1,TKIM
3599,2020-03-13,0,TKIM
3600,2020-03-12,0,TKIM
3601,2021-03-12,0,UNTR
3602,2021-03-10,0,UNTR
3603,2021-03-09,1,UNTR
3604,2021-03-08,0,UNTR
3605,2021-03-05,0,UNTR
3606,2021-03-04,0,UNTR
3607,2021-03-03,1,UNTR
3608,2021-03-02,1,UNTR
3609,2021-03-01,1,UNTR
3610,2021-02-26,0,UNTR
3611,2021-02-25,0,UNTR
3612,2021-02-24,0,UNTR
3613,2021-02-23,0,UNTR
3614,2021-02-22,1,UNTR
3615,2021-02-19,1,UNTR
3616,2021-02-18,0,UNTR
3617,2021-02-17,0,UNTR
3618,2021-02-16,0,UNTR
3619,2021-02-15,1,UNTR
3620,2021-02-11,0,UNTR
3621,2021-02-10,0,UNTR
3622,2021-02-09,1,UNTR
3623,2021-02-08,1,UNTR
3624,2021-02-05,1,UNTR
3625,2021-02-04,0,UNTR
3626,2021-02-03,0,UNTR
3627,2021-02-02,1,UNTR
3628,2021-02-01,0,UNTR
3629,2021-01-29,1,UNTR
3630,2021-01-28,0,UNTR
3631,2021-01-27,0,UNTR
3632,2021-01-26,0,UNTR
3633,2021-01-25,0,UNTR
3634,2021-01-22,0,UNTR
3635,2021-01-21,1,UNTR
3636,2021-01-20,0,UNTR
3637,2021-01-19,1,UNTR
3638,2021-01-18,0,UNTR
3639,2021-01-15,0,UNTR
3640,2021-01-14,0,UNTR
3641,2021-01-13,1,UNTR
3642,2021-01-12,0,UNTR
3643,2021-01-11,0,UNTR
3644,2021-01-08,1,UNTR
3645,2021-01-07,0,UNTR
3646,2021-01-06,0,UNTR
3647,2021-01-05,1,UNTR
3648,2021-01-04,0,UNTR
3649,2020-12-30,0,UNTR
3650,2020-12-29,1,UNTR
3651,2020-12-28,0,UNTR
3652,2020-12-23,0,UNTR
3653,2020-12-22,1,UNTR
3654,2020-12-21,0,UNTR
3655,2020-12-18,0,UNTR
3656,2020-12-17,1,UNTR
3657,2020-12-16,0,UNTR
3658,2020-12-15,1,UNTR
3659,2020-12-14,0,UNTR
3660,2020-12-11,0,UNTR
3661,2020-12-10,0,UNTR
3662,2020-12-08,1,UNTR
3663,2020-12-07,1,UNTR
3664,2020-12-04,0,UNTR
3665,2020-12-03,1,UNTR
3666,2020-12-02,1,UNTR
3667,2020-12-01,0,UNTR
3668,2020-11-30,0,UNTR
3669,2020-11-27,0,UNTR
3670,2020-11-26,1,UNTR
3671,2020-11-25,1,UNTR
3672,2020-11-24,1,UNTR
3673,2020-11-23,0,UNTR
3674,2020-11-20,1,UNTR
3675,2020-11-19,0,UNTR
3676,2020-11-18,0,UNTR
3677,2020-11-17,0,UNTR
3678,2020-11-16,1,UNTR
3679,2020-11-13,0,UNTR
3680,2020-11-12,1,UNTR
3681,2020-11-11,0,UNTR
3682,2020-11-10,0,UNTR
3683,2020-11-09,0,UNTR
3684,2020-11-06,1,UNTR
3685,2020-11-05,1,UNTR
3686,2020-11-04,1,UNTR
3687,2020-11-03,0,UNTR
3688,2020-11-02,0,UNTR
3689,2020-10-27,0,UNTR
3690,2020-10-26,0,UNTR
3691,2020-10-23,1,UNTR
3692,2020-10-22,0,UNTR
3693,2020-10-21,1,UNTR
3694,2020-10-20,0,UNTR
3695,2020-10-19,1,UNTR
3696,2020-10-16,0,UNTR
3697,2020-10-15,1,UNTR
3698,2020-10-14,1,UNTR
3699,2020-10-13,0,UNTR
3700,2020-10-12,0,UNTR
3701,2020-10-09,0,UNTR
3702,2020-10-08,1,UNTR
3703,2020-10-07,0,UNTR
3704,2020-10-06,0,UNTR
3705,2020-10-05,1,UNTR
3706,2020-10-02,0,UNTR
3707,2020-10-01,1,UNTR
3708,2020-09-30,0,UNTR
3709,2020-09-29,0,UNTR
3710,2020-09-28,1,UNTR
3711,2020-09-25,1,UNTR
3712,2020-09-24,0,UNTR
3713,2020-09-23,1,UNTR
3714,2020-09-22,0,UNTR
3715,2020-09-21,1,UNTR
3716,2020-09-18,0,UNTR
3717,2020-09-17,0,UNTR
3718,2020-09-16,1,UNTR
3719,2020-09-15,1,UNTR
3720,2020-09-14,1,UNTR
3721,2020-09-11,0,UNTR
3722,2020-09-10,0,UNTR
3723,2020-09-09,0,UNTR
3724,2020-09-08,1,UNTR
3725,2020-09-07,0,UNTR
3726,2020-09-04,0,UNTR
3727,2020-09-03,0,UNTR
3728,2020-09-02,1,UNTR
3729,2020-09-01,0,UNTR
3730,2020-08-31,1,UNTR
3731,2020-08-28,1,UNTR
3732,2020-08-27,0,UNTR
3733,2020-08-26,1,UNTR
3734,2020-08-25,0,UNTR
3735,2020-08-24,0,UNTR
3736,2020-08-19,1,UNTR
3737,2020-08-18,1,UNTR
3738,2020-08-14,0,UNTR
3739,2020-08-13,0,UNTR
3740,2020-08-12,0,UNTR
3741,2020-08-11,1,UNTR
3742,2020-08-10,1,UNTR
3743,2020-08-07,1,UNTR
3744,2020-08-06,1,UNTR
3745,2020-08-05,0,UNTR
3746,2020-08-04,0,UNTR
3747,2020-08-03,0,UNTR
3748,2020-07-30,0,UNTR
3749,2020-07-29,1,UNTR
3750,2020-07-28,1,UNTR
3751,2020-07-27,0,UNTR
3752,2020-07-24,0,UNTR
3753,2020-07-23,1,UNTR
3754,2020-07-22,1,UNTR
3755,2020-07-21,0,UNTR
3756,2020-07-20,1,UNTR
3757,2020-07-17,0,UNTR
3758,2020-07-16,0,UNTR
3759,2020-07-15,0,UNTR
3760,2020-07-14,1,UNTR
3761,2020-07-13,0,UNTR
3762,2020-07-10,1,UNTR
3763,2020-07-09,1,UNTR
3764,2020-07-08,1,UNTR
3765,2020-07-07,1,UNTR
3766,2020-07-06,0,UNTR
3767,2020-07-03,1,UNTR
3768,2020-07-02,1,UNTR
3769,2020-07-01,0,UNTR
3770,2020-06-30,1,UNTR
3771,2020-06-29,0,UNTR
3772,2020-06-26,0,UNTR
3773,2020-06-25,1,UNTR
3774,2020-06-24,0,UNTR
3775,2020-06-23,0,UNTR
3776,2020-06-22,0,UNTR
3777,2020-06-19,0,UNTR
3778,2020-06-18,1,UNTR
3779,2020-06-17,1,UNTR
3780,2020-06-16,1,UNTR
3781,2020-06-15,0,UNTR
3782,2020-06-12,0,UNTR
3783,2020-06-11,0,UNTR
3784,2020-06-10,1,UNTR
3785,2020-06-09,1,UNTR
3786,2020-06-08,1,UNTR
3787,2020-06-05,0,UNTR
3788,2020-06-04,1,UNTR
3789,2020-06-03,1,UNTR
3790,2020-06-02,1,UNTR
3791,2020-05-29,1,UNTR
3792,2020-05-28,0,UNTR
3793,2020-05-27,1,UNTR
3794,2020-05-26,1,UNTR
3795,2020-05-20,1,UNTR
3796,2020-05-19,0,UNTR
3797,2020-05-18,0,UNTR
3798,2020-05-15,0,UNTR
3799,2020-05-14,0,UNTR
3800,2020-05-13,0,UNTR
3801,2020-05-12,0,UNTR
3802,2020-05-11,1,UNTR
3803,2020-05-08,1,UNTR
3804,2020-05-06,0,UNTR
3805,2020-05-05,0,UNTR
3806,2020-05-04,1,UNTR
3807,2020-04-30,0,UNTR
3808,2020-04-29,0,UNTR
3809,2020-04-28,0,UNTR
3810,2020-04-27,1,UNTR
3811,2020-04-24,0,UNTR
3812,2020-04-23,0,UNTR
3813,2020-04-22,0,UNTR
3814,2020-04-21,1,UNTR
3815,2020-04-20,1,UNTR
3816,2020-04-17,0,UNTR
3817,2020-04-16,0,UNTR
3818,2020-04-15,1,UNTR
3819,2020-04-14,1,UNTR
3820,2020-04-13,0,UNTR
3821,2020-04-09,0,UNTR
3822,2020-04-08,0,UNTR
3823,2020-04-07,1,UNTR
3824,2020-04-06,1,UNTR
3825,2020-04-03,1,UNTR
3826,2020-04-02,0,UNTR
3827,2020-04-01,1,UNTR
3828,2020-03-31,0,UNTR
3829,2020-03-30,0,UNTR
3830,2020-03-27,1,UNTR
3831,2020-03-26,1,UNTR
3832,2020-03-24,0,UNTR
3833,2020-03-23,1,UNTR
3834,2020-03-20,0,UNTR
3835,2020-03-19,0,UNTR
3836,2020-03-18,0,UNTR
3837,2020-03-17,0,UNTR
3838,2020-03-16,1,UNTR
3839,2020-03-13,0,UNTR
3840,2020-03-12,0,UNTR
3841,2021-03-12,0,UNVR
3842,2021-03-10,0,UNVR
3843,2021-03-09,0,UNVR
3844,2021-03-08,1,UNVR
3845,2021-03-05,0,UNVR
3846,2021-03-04,1,UNVR
3847,2021-03-03,0,UNVR
3848,2021-03-02,0,UNVR
3849,2021-03-01,1,UNVR
3850,2021-02-26,0,UNVR
3851,2021-02-25,0,UNVR
3852,2021-02-24,0,UNVR
3853,2021-02-23,0,UNVR
3854,2021-02-22,0,UNVR
3855,2021-02-19,0,UNVR
3856,2021-02-18,1,UNVR
3857,2021-02-17,0,UNVR
3858,2021-02-16,0,UNVR
3859,2021-02-15,0,UNVR
3860,2021-02-11,1,UNVR
3861,2021-02-10,0,UNVR
3862,2021-02-09,0,UNVR
3863,2021-02-08,0,UNVR
3864,2021-02-05,1,UNVR
3865,2021-02-04,1,UNVR
3866,2021-02-03,0,UNVR
3867,2021-02-02,1,UNVR
3868,2021-02-01,0,UNVR
3869,2021-01-29,0,UNVR
3870,2021-01-28,0,UNVR
3871,2021-01-27,1,UNVR
3872,2021-01-26,0,UNVR
3873,2021-01-25,0,UNVR
3874,2021-01-22,0,UNVR
3875,2021-01-21,0,UNVR
3876,2021-01-20,0,UNVR
3877,2021-01-19,1,UNVR
3878,2021-01-18,0,UNVR
3879,2021-01-15,0,UNVR
3880,2021-01-14,0,UNVR
3881,2021-01-13,0,UNVR
3882,2021-01-12,1,UNVR
3883,2021-01-11,0,UNVR
3884,2021-01-08,1,UNVR
3885,2021-01-07,0,UNVR
3886,2021-01-06,0,UNVR
3887,2021-01-05,1,UNVR
3888,2021-01-04,0,UNVR
3889,2020-12-30,0,UNVR
3890,2020-12-29,0,UNVR
3891,2020-12-28,0,UNVR
3892,2020-12-23,0,UNVR
3893,2020-12-22,1,UNVR
3894,2020-12-21,1,UNVR
3895,2020-12-18,0,UNVR
3896,2020-12-17,0,UNVR
3897,2020-12-16,0,UNVR
3898,2020-12-15,0,UNVR
3899,2020-12-14,0,UNVR
3900,2020-12-11,0,UNVR
3901,2020-12-10,0,UNVR
3902,2020-12-08,1,UNVR
3903,2020-12-07,1,UNVR
3904,2020-12-04,0,UNVR
3905,2020-12-03,0,UNVR
3906,2020-12-02,1,UNVR
3907,2020-12-01,0,UNVR
3908,2020-11-30,0,UNVR
3909,2020-11-27,0,UNVR
3910,2020-11-26,0,UNVR
3911,2020-11-25,0,UNVR
3912,2020-11-24,1,UNVR
3913,2020-11-23,1,UNVR
3914,2020-11-20,0,UNVR
3915,2020-11-19,0,UNVR
3916,2020-11-18,1,UNVR
3917,2020-11-17,0,UNVR
3918,2020-11-16,0,UNVR
3919,2020-11-13,1,UNVR
3920,2020-11-12,0,UNVR
3921,2020-11-11,0,UNVR
3922,2020-11-10,0,UNVR
3923,2020-11-09,1,UNVR
3924,2020-11-06,0,UNVR
3925,2020-11-05,1,UNVR
3926,2020-11-04,1,UNVR
3927,2020-11-03,0,UNVR
3928,2020-11-02,0,UNVR
3929,2020-10-27,0,UNVR
3930,2020-10-26,1,UNVR
3931,2020-10-23,0,UNVR
3932,2020-10-22,0,UNVR
3933,2020-10-21,1,UNVR
3934,2020-10-20,0,UNVR
3935,2020-10-19,1,UNVR
3936,2020-10-16,0,UNVR
3937,2020-10-15,0,UNVR
3938,2020-10-14,1,UNVR
3939,2020-10-13,0,UNVR
3940,2020-10-12,1,UNVR
3941,2020-10-09,1,UNVR
3942,2020-10-08,1,UNVR
3943,2020-10-07,0,UNVR
3944,2020-10-06,0,UNVR
3945,2020-10-05,1,UNVR
3946,2020-10-02,0,UNVR
3947,2020-10-01,1,UNVR
3948,2020-09-30,1,UNVR
3949,2020-09-29,1,UNVR
3950,2020-09-28,1,UNVR
3951,2020-09-25,0,UNVR
3952,2020-09-24,0,UNVR
3953,2020-09-23,1,UNVR
3954,2020-09-22,0,UNVR
3955,2020-09-21,0,UNVR
3956,2020-09-18,1,UNVR
3957,2020-09-17,0,UNVR
3958,2020-09-16,0,UNVR
3959,2020-09-15,0,UNVR
3960,2020-09-14,1,UNVR
3961,2020-09-11,0,UNVR
3962,2020-09-10,0,UNVR
3963,2020-09-09,0,UNVR
3964,2020-09-08,0,UNVR
3965,2020-09-07,1,UNVR
3966,2020-09-04,1,UNVR
3967,2020-09-03,0,UNVR
3968,2020-09-02,0,UNVR
3969,2020-09-01,1,UNVR
3970,2020-08-31,1,UNVR
3971,2020-08-28,1,UNVR
3972,2020-08-27,0,UNVR
3973,2020-08-26,1,UNVR
3974,2020-08-25,0,UNVR
3975,2020-08-24,0,UNVR
3976,2020-08-19,0,UNVR
3977,2020-08-18,1,UNVR
3978,2020-08-14,1,UNVR
3979,2020-08-13,0,UNVR
3980,2020-08-12,0,UNVR
3981,2020-08-11,0,UNVR
3982,2020-08-10,0,UNVR
3983,2020-08-07,0,UNVR
3984,2020-08-06,1,UNVR
3985,2020-08-05,0,UNVR
3986,2020-08-04,0,UNVR
3987,2020-08-03,1,UNVR
3988,2020-07-30,1,UNVR
3989,2020-07-29,1,UNVR
3990,2020-07-28,0,UNVR
3991,2020-07-27,1,UNVR
3992,2020-07-24,1,UNVR
3993,2020-07-23,0,UNVR
3994,2020-07-22,0,UNVR
3995,2020-07-21,0,UNVR
3996,2020-07-20,1,UNVR
3997,2020-07-17,1,UNVR
3998,2020-07-16,0,UNVR
3999,2020-07-15,1,UNVR
4000,2020-07-14,1,UNVR
4001,2020-07-13,0,UNVR
4002,2020-07-10,0,UNVR
4003,2020-07-09,1,UNVR
4004,2020-07-08,0,UNVR
4005,2020-07-07,0,UNVR
4006,2020-07-06,0,UNVR
4007,2020-07-03,1,UNVR
4008,2020-07-02,0,UNVR
4009,2020-07-01,0,UNVR
4010,2020-06-30,0,UNVR
4011,2020-06-29,0,UNVR
4012,2020-06-26,0,UNVR
4013,2020-06-25,0,UNVR
4014,2020-06-24,0,UNVR
4015,2020-06-23,0,UNVR
4016,2020-06-22,1,UNVR
4017,2020-06-19,0,UNVR
4018,2020-06-18,0,UNVR
4019,2020-06-17,0,UNVR
4020,2020-06-16,1,UNVR
4021,2020-06-15,0,UNVR
4022,2020-06-12,0,UNVR
4023,2020-06-11,0,UNVR
4024,2020-06-10,1,UNVR
4025,2020-06-09,1,UNVR
4026,2020-06-08,0,UNVR
4027,2020-06-05,0,UNVR
4028,2020-06-04,1,UNVR
4029,2020-06-03,1,UNVR
4030,2020-06-02,0,UNVR
4031,2020-05-29,0,UNVR
4032,2020-05-28,1,UNVR
4033,2020-05-27,0,UNVR
4034,2020-05-26,0,UNVR
4035,2020-05-20,0,UNVR
4036,2020-05-19,0,UNVR
4037,2020-05-18,1,UNVR
4038,2020-05-15,1,UNVR
4039,2020-05-14,1,UNVR
4040,2020-05-13,1,UNVR
4041,2020-05-12,1,UNVR
4042,2020-05-11,0,UNVR
4043,2020-05-08,0,UNVR
4044,2020-05-06,1,UNVR
4045,2020-05-05,0,UNVR
4046,2020-05-04,1,UNVR
4047,2020-04-30,1,UNVR
4048,2020-04-29,1,UNVR
4049,2020-04-28,1,UNVR
4050,2020-04-27,1,UNVR
4051,2020-04-24,1,UNVR
4052,2020-04-23,1,UNVR
4053,2020-04-22,0,UNVR
4054,2020-04-21,1,UNVR
4055,2020-04-20,1,UNVR
4056,2020-04-17,0,UNVR
4057,2020-04-16,0,UNVR
4058,2020-04-15,1,UNVR
4059,2020-04-14,0,UNVR
4060,2020-04-13,1,UNVR
4061,2020-04-09,0,UNVR
4062,2020-04-08,0,UNVR
4063,2020-04-07,1,UNVR
4064,2020-04-06,0,UNVR
4065,2020-04-03,1,UNVR
4066,2020-04-02,0,UNVR
4067,2020-04-01,1,UNVR
4068,2020-03-31,0,UNVR
4069,2020-03-30,0,UNVR
4070,2020-03-27,1,UNVR
4071,2020-03-26,0,UNVR
4072,2020-03-24,0,UNVR
4073,2020-03-23,1,UNVR
4074,2020-03-20,0,UNVR
4075,2020-03-19,0,UNVR
4076,2020-03-18,0,UNVR
4077,2020-03-17,0,UNVR
4078,2020-03-16,1,UNVR
4079,2020-03-13,0,UNVR
4080,2020-03-12,0,UNVR
4081,2021-03-12,1,TLKM
4082,2021-03-10,0,TLKM
4083,2021-03-09,1,TLKM
4084,2021-03-08,1,TLKM
4085,2021-03-05,0,TLKM
4086,2021-03-04,0,TLKM
4087,2021-03-03,0,TLKM
4088,2021-03-02,0,TLKM
4089,2021-03-01,1,TLKM
4090,2021-02-26,0,TLKM
4091,2021-02-25,1,TLKM
4092,2021-02-24,1,TLKM
4093,2021-02-23,0,TLKM
4094,2021-02-22,1,TLKM
4095,2021-02-19,0,TLKM
4096,2021-02-18,0,TLKM
4097,2021-02-17,1,TLKM
4098,2021-02-16,0,TLKM
4099,2021-02-15,0,TLKM
4100,2021-02-11,1,TLKM
4101,2021-02-10,0,TLKM
4102,2021-02-09,0,TLKM
4103,2021-02-08,0,TLKM
4104,2021-02-05,1,TLKM
4105,2021-02-04,1,TLKM
4106,2021-02-03,0,TLKM
4107,2021-02-02,1,TLKM
4108,2021-02-01,0,TLKM
4109,2021-01-29,1,TLKM
4110,2021-01-28,0,TLKM
4111,2021-01-27,0,TLKM
4112,2021-01-26,0,TLKM
4113,2021-01-25,0,TLKM
4114,2021-01-22,0,TLKM
4115,2021-01-21,1,TLKM
4116,2021-01-20,0,TLKM
4117,2021-01-19,0,TLKM
4118,2021-01-18,0,TLKM
4119,2021-01-15,1,TLKM
4120,2021-01-14,0,TLKM
4121,2021-01-13,0,TLKM
4122,2021-01-12,1,TLKM
4123,2021-01-11,1,TLKM
4124,2021-01-08,1,TLKM
4125,2021-01-07,0,TLKM
4126,2021-01-06,0,TLKM
4127,2021-01-05,1,TLKM
4128,2021-01-04,0,TLKM
4129,2020-12-30,0,TLKM
4130,2020-12-29,1,TLKM
4131,2020-12-28,1,TLKM
4132,2020-12-23,0,TLKM
4133,2020-12-22,0,TLKM
4134,2020-12-21,1,TLKM
4135,2020-12-18,0,TLKM
4136,2020-12-17,1,TLKM
4137,2020-12-16,1,TLKM
4138,2020-12-15,1,TLKM
4139,2020-12-14,1,TLKM
4140,2020-12-11,0,TLKM
4141,2020-12-10,0,TLKM
4142,2020-12-08,1,TLKM
4143,2020-12-07,1,TLKM
4144,2020-12-04,0,TLKM
4145,2020-12-03,1,TLKM
4146,2020-12-02,1,TLKM
4147,2020-12-01,0,TLKM
4148,2020-11-30,0,TLKM
4149,2020-11-27,1,TLKM
4150,2020-11-26,0,TLKM
4151,2020-11-25,1,TLKM
4152,2020-11-24,1,TLKM
4153,2020-11-23,1,TLKM
4154,2020-11-20,1,TLKM
4155,2020-11-19,0,TLKM
4156,2020-11-18,1,TLKM
4157,2020-11-17,1,TLKM
4158,2020-11-16,1,TLKM
4159,2020-11-13,0,TLKM
4160,2020-11-12,1,TLKM
4161,2020-11-11,0,TLKM
4162,2020-11-10,1,TLKM
4163,2020-11-09,1,TLKM
4164,2020-11-06,1,TLKM
4165,2020-11-05,1,TLKM
4166,2020-11-04,1,TLKM
4167,2020-11-03,0,TLKM
4168,2020-11-02,0,TLKM
4169,2020-10-27,1,TLKM
4170,2020-10-26,0,TLKM
4171,2020-10-23,1,TLKM
4172,2020-10-22,0,TLKM
4173,2020-10-21,0,TLKM
4174,2020-10-20,0,TLKM
4175,2020-10-19,1,TLKM
4176,2020-10-16,0,TLKM
4177,2020-10-15,1,TLKM
4178,2020-10-14,0,TLKM
4179,2020-10-13,0,TLKM
4180,2020-10-12,1,TLKM
4181,2020-10-09,1,TLKM
4182,2020-10-08,1,TLKM
4183,2020-10-07,0,TLKM
4184,2020-10-06,0,TLKM
4185,2020-10-05,0,TLKM
4186,2020-10-02,1,TLKM
4187,2020-10-01,0,TLKM
4188,2020-09-30,0,TLKM
4189,2020-09-29,0,TLKM
4190,2020-09-28,0,TLKM
4191,2020-09-25,0,TLKM
4192,2020-09-24,0,TLKM
4193,2020-09-23,0,TLKM
4194,2020-09-22,0,TLKM
4195,2020-09-21,1,TLKM
4196,2020-09-18,1,TLKM
4197,2020-09-17,0,TLKM
4198,2020-09-16,0,TLKM
4199,2020-09-15,1,TLKM
4200,2020-09-14,1,TLKM
4201,2020-09-11,0,TLKM
4202,2020-09-10,0,TLKM
4203,2020-09-09,0,TLKM
4204,2020-09-08,1,TLKM
4205,2020-09-07,1,TLKM
4206,2020-09-04,0,TLKM
4207,2020-09-03,1,TLKM
4208,2020-09-02,0,TLKM
4209,2020-09-01,0,TLKM
4210,2020-08-31,0,TLKM
4211,2020-08-28,0,TLKM
4212,2020-08-27,1,TLKM
4213,2020-08-26,0,TLKM
4214,2020-08-25,0,TLKM
4215,2020-08-24,0,TLKM
4216,2020-08-19,1,TLKM
4217,2020-08-18,1,TLKM
4218,2020-08-14,1,TLKM
4219,2020-08-13,1,TLKM
4220,2020-08-12,0,TLKM
4221,2020-08-11,0,TLKM
4222,2020-08-10,0,TLKM
4223,2020-08-07,0,TLKM
4224,2020-08-06,1,TLKM
4225,2020-08-05,0,TLKM
4226,2020-08-04,0,TLKM
4227,2020-08-03,1,TLKM
4228,2020-07-30,1,TLKM
4229,2020-07-29,0,TLKM
4230,2020-07-28,1,TLKM
4231,2020-07-27,0,TLKM
4232,2020-07-24,1,TLKM
4233,2020-07-23,0,TLKM
4234,2020-07-22,1,TLKM
4235,2020-07-21,0,TLKM
4236,2020-07-20,0,TLKM
4237,2020-07-17,1,TLKM
4238,2020-07-16,0,TLKM
4239,2020-07-15,1,TLKM
4240,2020-07-14,0,TLKM
4241,2020-07-13,1,TLKM
4242,2020-07-10,0,TLKM
4243,2020-07-09,1,TLKM
4244,2020-07-08,1,TLKM
4245,2020-07-07,0,TLKM
4246,2020-07-06,0,TLKM
4247,2020-07-03,1,TLKM
4248,2020-07-02,0,TLKM
4249,2020-07-01,0,TLKM
4250,2020-06-30,0,TLKM
4251,2020-06-29,1,TLKM
4252,2020-06-26,1,TLKM
4253,2020-06-25,1,TLKM
4254,2020-06-24,0,TLKM
4255,2020-06-23,0,TLKM
4256,2020-06-22,0,TLKM
4257,2020-06-19,1,TLKM
4258,2020-06-18,0,TLKM
4259,2020-06-17,1,TLKM
4260,2020-06-16,1,TLKM
4261,2020-06-15,0,TLKM
4262,2020-06-12,0,TLKM
4263,2020-06-11,0,TLKM
4264,2020-06-10,0,TLKM
4265,2020-06-09,0,TLKM
4266,2020-06-08,0,TLKM
4267,2020-06-05,1,TLKM
4268,2020-06-04,1,TLKM
4269,2020-06-03,1,TLKM
4270,2020-06-02,1,TLKM
4271,2020-05-29,0,TLKM
4272,2020-05-28,0,TLKM
4273,2020-05-27,1,TLKM
4274,2020-05-26,0,TLKM
4275,2020-05-20,0,TLKM
4276,2020-05-19,1,TLKM
4277,2020-05-18,0,TLKM
4278,2020-05-15,0,TLKM
4279,2020-05-14,0,TLKM
4280,2020-05-13,0,TLKM
4281,2020-05-12,1,TLKM
4282,2020-05-11,0,TLKM
4283,2020-05-08,0,TLKM
4284,2020-05-06,0,TLKM
4285,2020-05-05,0,TLKM
4286,2020-05-04,0,TLKM
4287,2020-04-30,1,TLKM
4288,2020-04-29,1,TLKM
4289,2020-04-28,1,TLKM
4290,2020-04-27,1,TLKM
4291,2020-04-24,0,TLKM
4292,2020-04-23,1,TLKM
4293,2020-04-22,0,TLKM
4294,2020-04-21,0,TLKM
4295,2020-04-20,1,TLKM
4296,2020-04-17,0,TLKM
4297,2020-04-16,0,TLKM
4298,2020-04-15,1,TLKM
4299,2020-04-14,1,TLKM
4300,2020-04-13,1,TLKM
4301,2020-04-09,0,TLKM
4302,2020-04-08,0,TLKM
4303,2020-04-07,1,TLKM
4304,2020-04-06,1,TLKM
4305,2020-04-03,1,TLKM
4306,2020-04-02,0,TLKM
4307,2020-04-01,0,TLKM
4308,2020-03-31,1,TLKM
4309,2020-03-30,1,TLKM
4310,2020-03-27,1,TLKM
4311,2020-03-26,0,TLKM
4312,2020-03-24,0,TLKM
4313,2020-03-23,1,TLKM
4314,2020-03-20,0,TLKM
4315,2020-03-19,0,TLKM
4316,2020-03-18,0,TLKM
4317,2020-03-17,0,TLKM
4318,2020-03-16,0,TLKM
4319,2020-03-13,1,TLKM
4320,2020-03-12,0,TLKM
